Div,Date,HomeTeam,AwayTeam,FTHG,FTAG,FTR,HTHG,HTAG,HTR,B365H,B365D,B365A,GBH,GBD,GBA,IWH,IWD,IWA,LBH,LBD,LBA,SOH,SOD,SOA,SBH,SBD,SBA,WHH,WHD,WHA,GB>2.5,GB<2.5,Referee,HS,AS,HST,AST,HF,AF,HC,AC,HY,AY,HR,AR,B365H,B365D,B365A,BWH,BWD,BWA,GBH,GBD,GBA,IWH,IWD,IWA,LBH,LBD,LBA,SBH,SBD,SBA,WHH,WHD,WHA,SJH
I1,14-09-2002,Bologna,Roma,2,1,H,0,1,A,2.8,2.875,2.375,3.05,2.9,2.35,2.9,2.8,2.3,2.8,2.875,2.375,3,2.88,2.3,3,2.875,2.375,3,2.8,2.3,2.05,1.75,G. Paparesta,15,9,9,4,18,23,9,3,1,4,0,0,2.2,2.87,3.25,2.25,2.9,3.2,2.15,2.9,3.4,2.2,2.8,3.1,2.2,2.8,3.2,2.25,2.9,3.4,2.25,2.87,3,2.2
I1,14-09-2002,Como,Empoli,0,2,A,0,1,A,2,2.875,3.6,2.11,3,3.7,1.9,2.8,4,1.909,3,3.75,2,3,3.5,2,3,3.75,1.9,3,3.75,2,1.77,G. Rocchi,17,6,7,5,27,21,9,2,2,3,0,0,1.9,2.9,4,1.9,3.2,3.8,1.85,3.15,4.1,1.9,3,3.6,1.91,3,3.75,1.95,3,4.2,1.9,2.87,4,2
I1,14-09-2002,Inter,Torino,1,0,H,1,0,H,1.333,4,8,1.33,4.25,10,1.3,4,8.5,1.364,3.75,8,1.3,4.33,8.5,1.3,4.333,10,1.3,4,9.5,1.67,1.95,M. De Santis,8,16,3,9,22,16,0,5,2,1,0,0,7.5,3.75,1.4,9,4.5,1.3,9,4.35,1.3,6.5,3.7,1.4,8,3.75,1.36,10,4.75,1.3,8,3.75,1.36,10
I1,14-09-2002,Modena,Milan,0,3,A,0,1,A,4.333,3.2,1.727,4.5,3.2,1.75,4.2,3.1,1.75,4.333,3.2,1.727,5,3.1,1.67,4.75,3.1,1.75,4.5,2.9,1.8,1.9,1.86,P. Tagliavento,16,7,9,3,13,20,6,1,1,3,0,0,1.16,5.5,13,1.16,5.9,15,1.15,5.6,16,1.17,5.5,11,1.17,5.5,12,1.17,5.75,15,1.16,5,15,1.2
I1,15-09-2002,Brescia,Piacenza,1,2,A,0,0,D,1.909,3,3.75,2.05,2.95,4,1.9,2.8,4,2,2.875,3.6,1.91,3,3.8,1.909,3,4,1.9,2.87,4,1.95,1.65,M. Trefoloni,16,2,7,0,16,12,6,2,1,2,0,0,1.25,5,13,1.22,5.5,10,1.2,5.15,13,1.2,5,10,1.2,5,11,1.22,5.5,12,1.22,5,9.5,1.22
I1,15-09-2002,Juventus,Atalanta,3,0,H,2,0,H,1.333,4,8,1.36,4.3,9,1.3,4,8.5,1.364,3.75,8,1.33,4,8.5,1.333,4.2,9,1.28,4.2,9,1.75,1.92,P. Dondarini,7,16,4,7,18,20,6,10,3,1,0,0,1.9,3.1,3.75,1.9,3.1,4,1.9,3.1,3.8,1.9,3,3.6,1.83,3,4,1.91,3,4.2,1.83,3,4,1.8
I1,15-09-2002,Lazio,Chievo,2,3,A,1,1,D,1.667,3.25,4.5,1.74,3.3,5,1.65,3.2,4.6,1.667,3.25,4.5,1.62,3.4,5,1.667,3.3,5,1.61,3.1,5.5,1.67,2.01,T. Pieri,8,14,3,9,18,9,3,8,3,0,0,0,2.4,2.87,2.87,2.55,2.9,2.75,2.5,2.9,2.8,2.4,2.8,2.8,2.38,2.88,2.8,2.38,2.88,3,2.3,2.8,3,2.5
I1,15-09-2002,Perugia,Reggina,2,0,H,0,0,D,1.727,3.1,4.5,1.94,3,4.65,1.8,2.9,4.2,1.8,3,4.333,1.8,3,4.5,1.75,3,4.75,1.83,2.87,4.33,1.95,1.72,R. Rosetti,5,13,3,9,19,18,2,4,0,0,1,0,3.5,3,2,3.9,3.15,1.9,4.1,3.15,1.85,3.6,2.8,2,3.4,2.88,2.1,3.75,3,2,3.6,2.87,2,3.75
I1,15-09-2002,Udinese,Parma,1,1,D,0,1,A,2.3,3,2.8,2.4,3,3,2.3,2.9,2.8,2.25,3,2.875,2.25,3,3,2.3,3,3,2.37,2.8,2.9,1.8,1.98,C. Brighi,10,9,6,6,21,19,4,4,2,2,1,0,2.2,3,3.1,2.2,2.9,3.3,2.2,3,3.15,2.1,2.8,3.3,2.2,2.8,3.2,2.2,2.88,3.4,2.2,2.87,3.1,2.1
I1,21-09-2002,Empoli,Juventus,0,2,A,0,1,A,4.333,3.2,1.727,5,3.2,1.83,4,3,1.8,,,,4,3.2,1.8,4.2,3.2,1.8,4.5,2.87,1.8,1.85,1.75,A. De Marco,12,8,8,4,20,12,6,5,2,1,0,0,1.57,3.25,6,1.6,3.4,5.5,1.57,3.4,5.75,1.55,3.4,5,1.57,3.2,6,1.53,3.4,6.5,1.53,3.5,5.5,1.57
I1,21-09-2002,Milan,Perugia,3,0,H,1,0,H,1.286,4.5,8,1.33,4.25,11,1.3,4.2,8,,,,1.29,4.33,9.5,1.3,4.333,9.5,1.3,4,9.5,1.71,1.95,S. Farina,21,7,11,3,7,16,3,4,1,2,0,0,1.2,5,12,1.16,6.4,12.5,1.18,5.5,14,1.22,4.8,9.5,1.17,5.5,12,1.2,5.75,13,1.2,5,11,1.2
I1,22-09-2002,Atalanta,Bologna,2,2,D,1,1,D,2.2,3,3,2.25,2.95,3.3,2.2,2.8,3.1,,,,2.2,3,3.1,2.2,3.1,3,2.25,2.8,3.1,1.75,1.9,G. Paparesta,24,15,13,6,15,14,9,6,2,1,0,0,3.5,3,2,3.65,3.05,2,3.8,3,2,3.4,2.9,2,3.75,3,1.91,4,3,2,3.6,2.87,2,3.75
I1,22-09-2002,Chievo,Brescia,1,2,A,0,0,D,1.667,3.25,4.5,1.7,3.2,4.9,1.75,3.2,4,,,,1.73,3.2,4.5,1.727,3.2,4.6,1.61,3.1,5.5,1.7,1.93,P. Bertini,9,6,3,3,12,16,6,6,2,2,1,0,2.25,3,3,2.15,2.9,3.45,2.2,3,3.2,2.2,2.8,3.1,2.25,2.88,3,2.25,3,3.3,2.3,3,2.8,2.2
I1,22-09-2002,Parma,Como,2,0,H,1,0,H,1.5,3.4,6,1.5,3.4,7,1.6,3.3,4.8,,,,1.5,3.5,6,1.5,3.5,6.5,1.44,3.4,7,1.7,1.9,O. Girardi,12,5,8,2,16,15,9,2,1,1,0,0,2.2,2.87,3.2,2.25,2.75,3.45,2.2,2.8,3.45,2.1,2.8,3.4,2.25,2.88,3,2.3,2.88,3.2,2.15,2.8,3.3,2.25
I1,22-09-2002,Piacenza,Udinese,2,0,H,1,0,H,2.1,3,3.2,2.23,2.9,3.3,2.1,2.8,3.3,,,,2.2,3,3.1,2.2,3,3.2,2.1,2.87,3.3,1.75,1.85,A. Dattilo,9,13,1,8,16,23,3,6,1,0,0,0,5.5,3.75,1.5,6.75,3.75,1.45,7,3.75,1.45,5.2,3.3,1.55,7,3.75,1.4,7.5,3.6,1.5,6.5,3.6,1.44,8.5
I1,22-09-2002,Reggina,Inter,1,2,A,0,1,A,4,3,1.833,5,3.2,1.82,3.6,3,1.9,,,,4.2,3,1.83,4.2,3.1,1.85,4,3,1.83,1.88,1.75,A. Romeo,9,6,6,4,18,9,9,2,2,3,0,1,1.72,3.2,4.5,1.75,3.1,4.9,1.67,3.15,5.4,1.8,2.9,4.2,1.67,3.25,4.5,1.75,3.1,4.8,1.72,3.2,4.33,1.73
I1,22-09-2002,Roma,Modena,1,2,A,1,1,D,1.222,5,9,1.25,4.75,11,1.25,4.5,9,,,,1.25,4.5,11,1.25,4.6,11,1.22,4.5,12,1.65,1.95,P. Rodomonti,8,12,4,7,19,20,7,7,3,3,0,0,2.5,2.87,2.75,2.7,2.8,2.7,2.65,2.9,2.65,2.4,2.8,2.8,2.5,2.88,2.62,2.62,2.88,2.7,2.6,2.8,2.6,2.5
I1,22-09-2002,Torino,Lazio,0,1,A,0,0,D,2.4,3,2.7,2.55,2.87,2.85,2.4,2.8,2.8,,,,2.5,3,2.6,2.5,3,2.7,2.5,2.8,2.7,1.8,1.8,D. Messina,13,10,4,5,15,20,7,4,0,4,0,0,1.83,3,4.33,1.77,3.2,4.5,1.8,3.2,4.25,1.75,3,4.4,1.8,3.2,4,1.83,3.1,4.33,1.83,3,4,1.83
I1,28-09-2002,Juventus,Parma,2,2,D,0,0,D,1.4,3.6,7.5,1.42,3.8,7.75,1.45,3.7,5.6,1.4,3.75,7,1.44,3.6,7,1.44,3.75,7,1.44,3.5,7,1.77,1.9,L. Palanca,16,11,7,7,22,24,5,5,1,3,0,1,1.53,3.5,5.5,1.5,3.6,6.5,1.45,3.6,7.5,1.55,3.3,5.2,1.5,3.25,6.5,1.5,3.5,7,1.5,3.4,6,1.5
I1,28-09-2002,Lazio,Milan,1,1,D,0,1,A,2.875,3,2.25,3.1,3.2,2.32,2.8,2.8,2.4,2.75,3,2.38,3,3,2.25,2.875,3.1,2.25,2.8,2.9,2.37,1.77,1.9,M. Saccani,4,7,2,4,14,19,3,6,3,2,0,0,2.5,2.87,2.75,2.5,2.8,2.9,2.55,2.85,2.8,2.4,2.8,2.8,2.5,2.88,2.62,2.5,2.88,2.88,2.5,2.8,2.75,2.5
I1,29-09-2002,Bologna,Piacenza,1,0,H,0,0,D,1.727,3.1,4.5,1.92,3.1,3.9,1.9,3,3.6,1.73,3.2,4.33,1.8,3,4.33,1.83,3,4.33,1.8,2.9,4.5,1.8,1.82,T. Pieri,12,7,8,5,16,19,5,3,1,1,0,0,1.22,5.5,13,1.2,5.2,14,1.2,5.2,13,1.22,4.8,9.5,1.2,5,11,1.222,5.5,12,1.22,5,9.5,1.22
I1,29-09-2002,Brescia,Roma,2,3,A,1,2,A,2.8,3,2.3,3.17,3,2.24,2.8,2.9,2.3,2.75,3,2.38,3,3,2.25,3.1,3,2.2,3.1,2.8,2.25,1.9,1.7,M. Bergonzi,27,16,12,3,22,19,10,7,1,0,0,0,1.8,3.1,5,1.75,3.15,4.7,1.75,3.1,4.75,1.85,2.8,4.2,1.67,3.2,5,1.8,3.2,4.333,1.7,3,5,1.8
I1,29-09-2002,Como,Reggina,1,1,D,1,0,H,2.1,3,3.2,2.11,3,3.6,2,2.8,3.6,2.1,3,3.2,2.2,3,3.1,2.2,3,3.2,2,2.9,3.6,1.9,1.7,A. Giannoccaro,16,8,8,5,20,25,8,4,1,4,0,0,2.1,2.9,3.8,2.25,2.85,3.25,2.15,2.9,3.4,2.1,2.8,3.3,2.1,2.8,3.5,2.2,2.875,3.4,2,2.87,3.6,2.1
I1,29-09-2002,Inter,Chievo,2,1,H,1,1,D,1.5,3.4,6,1.51,3.75,5.75,1.5,3.6,5.2,1.44,3.6,6.5,,,,1.5,3.5,6.5,1.5,3.4,6,1.7,1.95,P. Dondarini,11,14,6,9,24,21,4,3,0,3,0,0,2.2,3,3.4,2.25,2.9,3.25,2.2,2.9,3.3,2.2,2.7,3.3,2.25,3,2.88,2.3,2.875,3.2,2.2,2.8,3.2,2.25
I1,29-09-2002,Modena,Torino,2,1,H,1,0,H,2.375,3,3,2.33,2.85,3.15,2.2,2.9,3,2.25,3,2.88,2.25,3,3,2.3,3,3,2.25,2.9,3,1.9,1.7,P. Tagliavento,17,12,7,5,18,16,8,6,2,2,0,0,1.16,6.5,15,1.11,7.15,17,1.13,6.5,17,1.17,5.5,11,1.14,6,13,1.142,6,17,1.14,6,12,1.15
I1,29-09-2002,Perugia,Empoli,1,3,A,1,2,A,1.833,3,4,1.79,3.2,4.5,1.8,3,4,1.8,3.2,4,1.83,3.1,4,1.75,3.1,4.5,1.72,3.2,4.33,1.75,1.9,P. Mazzoleni,13,5,6,1,23,23,7,1,0,0,0,1,1.61,3.4,6,1.65,3.15,5.75,1.57,3.25,6.5,1.6,3.3,4.8,1.44,3.4,7,1.571,3.4,6,1.53,3.25,6,1.57
I1,29-09-2002,Udinese,Atalanta,1,0,H,0,0,D,2.1,3,3.2,2.13,3,3.4,2.2,2.9,3,2.1,3,3.2,2.1,3.2,3.1,2.1,3.2,3.2,2.1,2.8,3.4,1.75,1.85,M. Trefoloni,6,8,4,5,17,13,5,3,2,2,0,0,3.4,3,2.2,3.1,3.1,2.2,3.2,3.1,2.15,2.8,2.9,2.3,3.1,2.8,2.25,3.4,3,2.2,3,3,2.2,3.2
I1,05-10-2002,Reggina,Brescia,2,2,D,1,2,A,2.2,2.8,3.2,2.17,2.9,3.4,2.1,2.9,3.2,2.2,2.8,3.2,2.2,3.2,2.88,2.1,3,3.4,2.1,2.87,3.3,1.75,1.85,S. Racalbuto,16,8,8,5,11,12,5,3,3,2,0,1,2.37,2.87,3.25,2.3,2.85,3.15,2.3,2.8,3.25,2.3,2.7,3,2.38,3,2.75,2.3,2.8,3.25,2.2,2.87,3.1,2.3
I1,05-10-2002,Roma,Udinese,4,1,H,1,0,H,1.333,4,8,1.4,3.8,9,1.45,3.8,5.4,1.4,3.75,7,1.4,3.75,7.5,1.4,3.75,8,1.33,4,8,1.65,1.95,P. Bertini,7,12,4,5,20,16,4,7,3,1,0,0,4.5,3.2,1.83,4.2,3.15,1.83,4.4,3.1,1.8,4.2,2.8,1.85,4,3.2,1.8,4.333,3.1,1.909,4,3,1.83,3.9
I1,06-10-2002,Atalanta,Lazio,0,1,A,0,1,A,2.5,3.1,2.5,2.8,2.95,2.4,2.6,2.8,2.6,2.62,2.88,2.5,2.6,3,2.5,2.75,3,2.4,2.7,2.8,2.5,1.85,1.75,G. Rocchi,10,14,3,10,13,15,4,6,3,2,0,0,2.6,2.87,2.6,2.75,2.85,2.6,2.75,2.9,2.55,2.7,2.7,2.6,2.62,2.88,2.5,2.7,2.875,2.6,2.6,2.8,2.6,2.7
I1,06-10-2002,Chievo,Modena,2,0,H,1,0,H,1.727,3.2,4.333,1.85,3.2,4.55,1.75,3.1,4.2,1.73,3.2,4.33,1.67,3.25,4.75,1.727,3.2,4.75,1.66,3.3,4.5,1.65,1.95,N. Stefanini,7,8,2,4,28,19,3,3,1,2,0,0,2.3,2.9,3.25,2.45,2.9,2.9,2.4,2.85,3,2.4,2.7,2.9,2.25,2.88,3,2.38,2.8,3.1,2.3,2.9,2.9,2.38
I1,06-10-2002,Empoli,Bologna,0,0,D,0,0,D,2.25,3,2.875,2.37,2.9,3,2.4,2.8,2.8,2.25,3,2.88,2.38,3,2.75,2.375,3,2.875,2.37,2.8,2.87,1.8,1.8,E. Morganti,6,17,2,10,22,18,1,7,2,2,0,0,5.5,3.1,1.72,4.9,3.25,1.7,5,3.2,1.7,4.2,3.1,1.75,4.33,3,1.8,4.75,3.3,1.7,4.8,3,1.72,4.5
I1,06-10-2002,Juventus,Como,1,1,D,0,0,D,1.167,5.5,11,1.19,5.75,16.5,1.2,5,10,1.2,5,11,1.2,5.5,10,1.2,5.5,11,1.14,6,12,1.55,2.1,N. Rizzoli,8,9,4,5,22,16,8,5,3,2,0,0,2.3,2.9,3.3,2.35,2.9,3,2.3,2.9,3.1,2.3,2.7,3,2.25,2.88,3,2.4,2.88,3,2.3,2.9,2.9,2.38
I1,06-10-2002,Milan,Torino,6,0,H,3,0,H,1.286,4.333,8.5,1.28,4.72,12,1.3,4.2,8,1.25,4.5,10,1.3,4.33,8.5,1.3,4.333,9.5,1.25,4.5,10,1.65,1.95,M. De Santis,10,14,4,9,18,16,2,6,3,1,1,0,3.75,3,2.1,3.75,3,2,3.3,3,2.15,2.8,2.8,2.4,3.4,3,2,3.4,3,2.1,3.2,3,2.1,4
I1,06-10-2002,Parma,Perugia,2,2,D,1,0,H,1.533,3.4,5.5,1.6,3.4,6,1.6,3.3,4.8,1.53,3.25,6,1.57,3.4,5.5,1.571,3.3,6,1.57,3.1,6,1.7,1.9,R. Rosetti,10,5,7,3,16,13,7,1,1,0,0,0,2.2,2.87,3.6,2.2,2.8,3.45,2.15,2.9,3.4,2.2,2.7,3.2,2.1,3,3.2,2.25,2.88,3.2,2.1,3,3.2,2.2
I1,06-10-2002,Piacenza,Inter,1,4,A,0,1,A,3.75,3,1.909,3.6,3.1,2.2,3.3,3,2,3.4,3,2,3.5,3,2,3.6,3,2.05,3.75,2.8,2,1.9,1.7,D. Messina,12,8,7,3,17,14,5,2,0,1,0,0,1.4,4,9,1.3,4.65,8.5,1.36,4,8.5,1.4,3.7,6.5,1.4,3.5,8,1.4,4,8.5,1.36,3.75,8,1.33
I1,19-10-2002,Empoli,Roma,1,3,A,0,2,A,3.6,2.875,2,3.81,3.1,2,3.2,3.1,2,3.4,3,2,4,3,1.91,4,3,1.909,4,2.87,1.9,1.8,1.83,P. Rodomonti,16,8,10,3,17,19,10,5,2,4,0,0,1.44,3.8,7,1.4,3.75,8.25,1.45,3.6,7.25,1.4,3.7,6.5,1.4,3.5,8,1.5,3.6,6.5,1.44,3.5,7,1.44
I1,19-10-2002,Inter,Juventus,1,1,D,0,0,D,2.25,2.875,3,2.2,3,3.37,2.3,2.8,2.9,2.2,3,3,2.2,3,3.1,2.25,3,3.1,2.2,2.8,3.2,1.8,1.83,D. Tombolini,18,8,12,2,17,14,7,6,2,3,0,0,1.57,3.6,6,1.55,3.4,6.25,1.55,3.4,6,1.6,3.3,4.8,1.57,3.25,5.5,1.57,3.4,6,1.53,3.5,5.5,1.57
I1,20-10-2002,Atalanta,Milan,1,4,A,1,2,A,4,3,1.833,4.2,3.15,1.82,4.2,3.2,1.7,4,3.2,1.8,4,3.2,1.8,4.5,3.2,1.7,4,3,1.83,1.85,1.9,L. Banti,11,9,4,6,15,12,3,5,3,0,0,0,3.75,3,2,3.9,3,1.97,3.5,3,2.05,3.1,2.8,2.2,3.4,3,2,3.4,3,2.1,3.4,3,2,3.6
I1,20-10-2002,Bologna,Brescia,3,0,H,1,0,H,1.727,3.1,4.5,1.8,3.15,4.65,1.8,3,4,1.73,2.88,5,1.8,3.1,4.33,1.75,3.1,4.5,1.72,2.9,5,1.75,1.95,N. Ayroldi,6,7,3,3,24,18,3,1,3,1,0,0,4,3,2,3.75,3.1,1.95,3.75,3.1,1.95,3.6,3,1.9,3.6,2.88,2,3.75,3.1,2.05,4,2.87,1.9,3.75
I1,20-10-2002,Como,Piacenza,1,1,D,1,1,D,2.2,2.875,3.1,2.15,3,3.3,2,2.9,3.4,2.2,2.8,3.2,2.25,3,3,2.25,3,3.1,2.25,2.8,3.1,2,1.75,T. Pieri,5,8,3,6,27,27,2,5,3,3,0,0,6,3.4,1.61,6,3.25,1.6,5.65,3.3,1.6,4.4,3.1,1.7,5,3.2,1.67,6,3.4,1.62,5.5,3.3,1.57,6.5
I1,20-10-2002,Lazio,Perugia,3,0,H,1,0,H,1.444,3.6,6.5,1.49,3.65,6.5,1.4,3.7,6.5,1.44,3.6,6.5,1.5,3.5,6.5,1.5,3.5,6.5,1.44,3.5,7,1.72,1.94,M. Gabriele,6,7,4,3,20,26,4,7,4,3,0,1,3.5,3,2.2,3.5,3.1,2.05,3.3,3,2.15,2.9,2.8,2.3,3,3.2,2.1,3.1,3.1,2.2,3,3,2.2,3.4
I1,20-10-2002,Modena,Parma,2,1,H,0,1,A,2.7,3,2.4,2.7,3.1,2.75,2.65,2.9,2.45,2.62,2.88,2.5,2.6,3,2.5,2.875,3,2.375,2.62,2.9,2.5,1.89,1.85,A. Dattilo,8,12,3,5,12,17,2,3,2,2,0,0,3.75,3.2,2,3.8,3.25,1.9,3.5,3.1,2,3.2,2.9,2.1,3.4,3,2,3.6,3.1,2,3.2,2.9,2.15,3.4
I1,20-10-2002,Torino,Chievo,1,0,H,1,0,H,2.375,3,2.7,2.6,3,2.85,2.2,2.9,3,2.38,2.88,2.8,2.4,3,2.8,2.4,3,2.8,2.4,2.9,2.75,1.8,1.85,O. Pantana,5,12,2,2,21,24,3,5,1,4,0,0,2,3.2,3.75,1.95,3.05,3.85,2,3.1,3.5,2,2.9,3.4,1.91,3.2,3.5,2,3.1,3.6,2.15,2.9,3.2,2
I1,20-10-2002,Udinese,Reggina,1,0,H,0,0,D,1.727,3.2,4.333,1.75,3.35,4.65,1.7,3.1,4.4,1.73,3.2,4.33,1.73,3.2,4.33,1.727,3.2,4.6,1.72,3.1,4.5,1.8,1.85,S. Farina,17,4,7,2,26,20,6,3,2,3,0,0,1.61,3.4,6,1.7,3.2,5,1.57,3.4,5.75,1.65,3.2,4.6,1.62,3.25,5,1.57,3.6,6,1.5,3.4,6,1.62
I1,26-10-2002,Chievo,Milan,3,2,H,1,0,H,4,3.1,1.8,4.35,3.45,1.8,3.8,3.1,1.8,4,3.2,1.8,4.2,3.1,1.8,4.5,3.1,1.727,4,3,1.83,1.7,2.05,M. Saccani,8,10,5,4,23,21,8,7,2,3,0,0,2.6,2.9,2.9,2.7,2.8,2.7,2.35,2.9,3,2.4,2.8,2.8,2.25,3,2.88,2.38,3,2.88,2.2,3,3,2.38
I1,26-10-2002,Juventus,Udinese,1,0,H,0,0,D,1.3,4,9.5,1.33,4.36,9.5,1.3,4.2,8,1.36,3.75,8,1.33,4.33,7.5,1.333,4.333,7.5,1.28,4.33,8.5,1.75,1.9,C. Brighi,9,5,2,2,10,15,4,3,0,2,0,1,1.72,3.1,5.5,1.67,3.1,5.6,1.65,3.15,5.5,1.75,3,4.4,1.57,3.25,5.5,1.7,3.2,5,1.66,3.3,4.5,1.62
I1,27-10-2002,Brescia,Como,1,1,D,0,0,D,1.727,3.1,4.5,1.81,3.1,4.9,1.85,2.8,4.2,1.8,3.2,4,1.73,3.2,4.5,1.727,3.2,4.5,1.8,3,4.2,1.85,1.83,S. Cassara',8,10,5,6,18,26,6,7,2,4,0,0,1.66,3.2,6,1.67,3.1,5.6,1.6,3.3,5.65,1.6,3.2,5,1.57,3.25,5.5,1.62,3.3,5.5,1.57,3.3,5.5,1.62
I1,27-10-2002,Inter,Bologna,2,0,H,0,0,D,1.5,3.25,6.5,1.58,3.4,7,1.45,3.6,5.8,1.44,3.5,7,1.53,3.4,6,1.533,3.4,6,1.5,3.4,6,1.75,1.96,A. De Marco,12,6,5,3,17,16,6,2,1,2,0,0,2.2,3,3.4,2.2,2.8,3.5,2.15,2.95,3.35,2.2,2.7,3.2,2.1,3,3.2,2.25,2.88,3.25,2.05,3,3.3,2.2
I1,27-10-2002,Lazio,Roma,2,2,D,0,0,D,2.625,2.75,2.625,2.78,2.9,2.77,2.6,2.8,2.6,2.6,2.8,2.6,2.6,2.88,2.6,2.6,2.875,2.6,2.62,2.87,2.5,1.77,1.91,L. Palanca,6,12,2,6,22,13,4,2,3,0,0,0,9,4.33,1.36,8.75,3.95,1.37,9,3.95,1.35,6.5,3.7,1.4,9,3.75,1.33,10,4.33,1.33,9,3.75,1.33,8.5
I1,27-10-2002,Parma,Atalanta,2,1,H,1,0,H,1.5,3.4,6,1.58,3.4,5.85,1.55,3.5,4.8,1.57,3.25,5.5,1.53,3.4,6,1.533,3.4,6,1.53,3.4,5.5,1.75,1.92,M. Mazzoleni,11,7,0,3,24,22,6,4,3,2,0,0,1.53,3.5,7,1.57,3.15,7,1.53,3.4,6.5,1.55,3.4,5,1.5,3.4,6,1.57,3.3,7,1.53,3.5,5.5,1.53
I1,27-10-2002,Perugia,Modena,2,0,H,2,0,H,1.909,3,3.75,1.9,3.15,4.3,1.85,2.8,4.2,1.91,3,3.75,1.83,3.1,4,1.85,3.1,4,1.9,3,3.75,1.83,1.85,R. Rosetti,19,6,10,1,18,25,10,1,2,3,0,0,1.9,3.1,4.33,1.9,3.1,4,1.85,3.1,4.15,2,2.8,3.6,1.91,3.2,3.5,1.91,3.1,4.2,1.9,3,3.75,2
I1,27-10-2002,Piacenza,Empoli,1,2,A,1,1,D,1.909,3,3.75,1.96,3.1,3.96,1.9,2.8,4,1.83,3.2,3.75,1.91,3,4,1.909,3,4,1.9,3,3.75,1.9,1.78,D. Preschern,10,10,6,4,23,22,5,5,3,5,0,1,2.5,2.87,3,2.5,2.8,2.9,2.45,2.85,2.9,2.4,2.7,2.9,2.4,2.88,2.8,2.6,2.8,2.8,2.5,2.8,2.75,2.5
I1,27-10-2002,Reggina,Torino,2,1,H,0,0,D,2.1,3,3.2,2.1,2.9,4.2,2,2.8,3.6,2.1,3,3.2,2.1,2.88,3.4,2.05,2.875,3.5,2.1,2.87,3.3,2,1.7,N. Ayroldi,11,9,5,5,19,21,2,7,2,2,0,1,1.66,3.4,5.5,1.67,3.2,5.4,1.65,3.25,5.25,1.65,3,5,1.67,3.2,5,1.7,3.3,4.75,1.61,3.1,5.5,1.67
I1,02-11-2002,Torino,Brescia,0,2,A,0,1,A,2.1,3,3.2,2.15,3,3.3,2.1,2.8,3.3,2,3,3.4,2.1,3,3.25,2.1,3,3.4,2.1,2.87,3.3,1.9,1.7,G. Paparesta,8,11,5,6,29,22,1,9,2,3,0,0,2.2,2.87,3.6,2.1,2.9,3.6,2.15,2.85,3.5,2.2,2.8,3.4,1.91,3,3.75,2,3,4,2.1,2.87,3.3,2.1
I1,02-11-2002,Udinese,Bologna,0,0,D,0,0,D,2.25,3,2.875,2.25,2.95,3.1,2.2,2.8,3.1,2.1,3,3.2,2.3,3,2.9,2.3,2.9,3.1,2.25,2.9,3,1.9,1.7,O. Girardi,11,17,8,7,24,16,4,8,0,3,0,0,2.1,3,3.75,2.2,2.85,3.4,2.15,2.9,3.4,2.2,2.9,3,2.25,2.88,3,2.2,2.88,3.4,2.15,2.87,3.25,2.2
I1,03-11-2002,Atalanta,Piacenza,2,0,H,0,0,D,2.2,3,3,2.15,3,3.3,2.1,2.8,3.3,2.1,2.88,3.4,2.1,3,3.25,2.1,3,3.4,2.1,2.87,3.3,1.9,1.7,M. De Santis,18,12,10,7,15,18,5,0,4,3,0,0,2.75,2.87,2.75,2.9,2.8,2.5,2.8,2.85,2.55,2.6,2.8,2.6,2.62,2.88,2.5,2.8,2.8,2.6,2.75,2.8,2.5,2.5
I1,03-11-2002,Como,Inter,0,2,A,0,0,D,4.5,3.1,1.727,4.65,3.15,1.76,3.6,3.1,1.85,5,2.88,1.73,4.5,3,1.8,4.5,3.1,1.8,4.5,3.1,1.72,1.85,1.75,N. Rizzoli,17,8,7,1,13,10,7,1,1,0,0,0,1.2,5.5,17,1.17,6,13,1.17,5.5,15,1.15,6,12,1.14,5.5,15,1.17,6.5,15,1.2,5,11,1.17
I1,03-11-2002,Empoli,Lazio,1,2,A,1,1,D,2.875,3,2.25,3.15,3,2.2,3,2.9,2.2,3.2,3,2.1,3.1,3,2.2,3.2,3,2.2,3.2,3,2.1,1.9,1.7,L. Banti,21,5,10,4,13,11,11,0,0,2,0,0,1.53,3.5,7,1.55,3.2,7,1.5,3.4,7,1.55,3.3,5.2,1.53,3.25,6,1.53,3.5,6,1.5,3.3,6.5,1.53
I1,03-11-2002,Milan,Reggina,2,0,H,1,0,H,1.25,4.5,10,1.25,4.75,11,1.2,5,10,1.25,4.5,10,1.25,4.5,10,1.25,4.75,10,1.22,4.5,12,1.6,2.05,E. Morganti,15,5,9,4,19,17,14,5,2,3,0,1,1.53,3.5,7,1.45,3.7,7.15,1.5,3.6,6.25,1.5,3.4,5.6,1.44,3.5,7,1.5,3.6,6.5,1.44,3.5,7,1.53
I1,03-11-2002,Modena,Juventus,0,1,A,0,0,D,4,3.1,1.8,4.65,3.15,1.77,4,3.2,1.75,4.33,3.2,1.73,4.5,3,1.8,4.5,3.1,1.8,4,3,1.83,1.75,1.85,M. Bergonzi,14,8,10,4,24,26,6,1,2,4,0,0,1.16,5.5,13,1.15,6,16,1.18,5.5,14,1.2,5,10,1.14,5.5,15,1.18,6,15,1.16,5.5,12,1.14
I1,03-11-2002,Parma,Chievo,0,1,A,0,0,D,1.727,3.2,4.333,1.81,3.1,4.4,1.75,3.1,4.2,1.8,3.2,4,1.83,3.25,3.75,1.909,3.1,3.8,1.72,3.1,4.5,1.65,1.95,P. Tagliavento,11,13,6,8,16,19,3,6,2,4,0,1,2.75,2.75,2.6,2.7,2.9,2.6,2.6,2.9,2.7,2.5,2.8,2.7,2.38,3,2.75,2.7,3,2.62,2.6,2.8,2.6,2.7
I1,03-11-2002,Roma,Perugia,2,2,D,0,2,A,1.333,4,8,1.31,4.45,9.5,1.35,3.7,7.5,1.33,4,8,1.3,4.33,8.5,1.333,4.333,8,1.3,4,9.5,1.65,1.95,M. Saccani,13,13,9,7,17,19,4,9,2,1,0,0,3.2,2.87,2.2,3.45,3,2.1,3.3,3,2.15,3.2,2.7,2.2,3,2.88,2.25,3.4,3,2.1,3.1,2.87,2.2,3.2
I1,06-11-2002,Atalanta,Modena,1,3,A,0,2,A,2,3,3.4,2.06,3.2,3.55,1.9,2.9,3.8,2,3,3.4,1.91,3.1,3.75,1.909,3.1,3.75,2,2.87,3.6,1.9,1.7,D. Messina,10,9,5,4,15,16,6,3,1,1,0,0,5.5,3.5,1.53,6.85,3.5,1.5,6.5,3.3,1.57,5.5,3.3,1.6,6,3.25,1.53,6.5,3.4,1.57,6,3.25,1.53,6.5
I1,06-11-2002,Chievo,Perugia,3,0,H,2,0,H,1.727,3.2,4.333,1.8,3.33,4.5,1.8,3,4,1.67,3.25,4.5,1.67,3.25,4.75,1.667,3.25,4.75,1.66,3.3,4.5,1.68,1.95,T. Pieri,7,8,4,4,12,17,4,11,0,3,1,0,3.2,2.8,2.25,3.2,3.1,2.15,3.3,3,2.15,3.1,2.8,2.2,3,3,2.2,3.2,3,2.2,3.25,2.87,2.15,3.2
I1,06-11-2002,Empoli,Inter,3,4,A,1,2,A,4.333,3.2,1.727,4.25,3.33,1.98,3.3,3,2,4.33,3.2,1.73,4.33,3.25,1.73,4.333,3.2,1.75,4.2,3,1.8,1.85,1.8,P. Rodomonti,15,5,11,1,20,16,4,2,1,0,0,1,1.25,5,9,1.22,5.5,10.5,1.25,4.75,11,1.3,4.2,8,1.29,4.33,9,1.25,5,12,1.25,5,8,1.25
I1,06-11-2002,Milan,Udinese,1,0,H,0,0,D,1.286,4.333,9,1.26,4.75,9.5,1.3,4.2,8,1.3,4,9,1.29,4.33,9,1.286,4.333,9,1.28,4.33,8.5,1.7,2,N. Rizzoli,10,12,9,4,15,21,8,7,1,3,0,0,2.5,2.87,2.75,2.6,2.9,2.7,2.65,2.9,2.65,2.5,2.9,2.8,2.38,3,2.75,2.6,3,2.6,2.5,2.9,2.62,2.7
I1,06-11-2002,Parma,Brescia,4,3,H,2,2,D,1.615,3.25,5,1.7,3.43,5.4,1.7,3.2,4.2,1.57,3.25,5.5,1.67,3.2,5,1.667,3.2,5,1.57,3.3,5.5,1.77,1.9,G. Rocchi,9,7,6,5,26,20,4,3,3,3,1,0,1.72,3.2,4.5,1.72,3,5.5,1.7,3,5.5,1.65,3.1,4.8,1.73,2.88,5,1.7,3.2,5,1.7,3,5,1.62
I1,06-11-2002,Piacenza,Juventus,0,1,A,0,0,D,4.5,3.1,1.727,4.45,3.33,1.85,3.8,3.1,1.8,4.33,3.2,1.73,4.5,3.2,1.73,4.5,3.2,1.727,4,3,1.83,1.93,1.75,A. Giannoccaro,5,13,2,4,16,37,1,7,3,5,0,0,1.66,3.2,5,1.7,3,5.65,1.65,3.1,5.8,1.7,3.1,4.4,1.67,2.88,5.5,1.67,3,6,1.61,3.1,5.5,1.57
I1,06-11-2002,Reggina,Lazio,0,3,A,0,2,A,3.3,3.1,2,3.65,3.15,2.1,3,2.9,2.2,3.2,3,2.1,3.4,3.1,2,3.4,3.1,2,3.6,2.87,2,1.9,1.7,M. Trefoloni,12,9,8,4,12,25,4,3,2,4,0,1,2.1,2.8,3.5,2.1,3,3.45,2.1,3,3.4,2.2,2.9,3,2.1,3,3.2,2.1,3,3.4,2.15,2.87,3.25,2.2
I1,06-11-2002,Roma,Como,2,1,H,1,0,H,1.286,4.333,9,1.28,4.54,9.9,1.3,4.2,8,1.29,4.33,9,1.25,4.5,10,1.25,4.6,10,1.28,4,10,1.7,1.93,E. Morganti,11,9,6,4,12,17,6,5,1,2,0,0,1.5,3.6,7.5,1.45,3.9,6.5,1.5,3.75,6,1.45,3.5,6,1.44,3.6,6.5,1.53,3.6,6.5,1.5,3.3,6.5,1.5
I1,06-11-2002,Torino,Bologna,2,1,H,1,1,D,2.5,2.875,2.625,2.68,2.85,2.85,2.3,2.8,2.9,2.25,2.88,3,2.5,3,2.62,2.5,3,2.625,2.5,2.8,2.75,2.02,1.65,L. Banti,10,6,3,2,16,12,3,4,3,1,1,1,1.9,3,4.5,1.9,3.15,3.95,1.9,3.1,4,1.9,2.8,4,2,3,3.4,1.91,3.1,4,1.9,3,3.75,2
I1,09-11-2002,Inter,Udinese,1,2,A,1,1,D,1.25,4.5,10,1.37,4.4,9.5,1.35,4,7,1.33,4,8,1.29,4.5,8.5,1.364,3.8,8.5,1.25,4.5,10,1.7,1.9,P. Mazzoleni,12,5,5,2,24,29,10,1,1,3,0,0,1.8,3.1,5,1.7,3.25,4.9,1.7,3.2,4.9,1.7,3,4.6,1.73,2.88,5,1.73,3.2,4.75,1.7,3,5,1.73
I1,09-11-2002,Piacenza,Roma,1,1,D,1,1,D,3.75,3,1.9,3.9,3.2,2.05,3.5,3.1,1.9,3.5,3.2,1.91,3.6,3.2,1.91,3.5,3.2,2,4,2.87,1.9,1.78,1.92,S. Racalbuto,5,17,2,9,30,27,9,5,1,0,0,0,7,3.75,1.5,7,3.6,1.47,7.25,3.5,1.47,6,3.6,1.5,7,3.75,1.4,7,3.4,1.5,6,3.4,1.5,6.5
I1,10-11-2002,Bologna,Como,1,0,H,0,0,D,1.5,3.4,6,1.6,3.55,6,1.6,3.3,4.8,1.5,3.25,6.5,1.5,3.4,6.5,1.533,3.4,6,1.5,3.3,6.5,1.9,1.8,P. Bertini,15,7,6,1,21,20,10,7,2,2,1,1,1.9,3.1,4.33,1.83,3,4.55,1.8,3.1,4.5,1.8,2.9,4.2,1.73,3.2,4.33,1.8,3.1,4.5,1.8,3,4.2,1.91
I1,10-11-2002,Brescia,Empoli,0,2,A,0,0,D,1.9,3,3.75,2.04,3.1,3.8,2,2.9,3.4,1.91,3.2,3.5,1.91,3.2,3.6,1.909,3.2,3.75,1.9,3.1,3.6,1.75,2.02,S. Farina,16,8,11,4,19,18,6,6,1,3,0,0,1.4,4,9,1.35,4.2,8.25,1.33,4.3,8.5,1.4,3.8,7,1.3,4,9,1.36,4.2,9,1.33,4,8,1.3
I1,10-11-2002,Chievo,Atalanta,4,1,H,1,1,D,1.57,3.25,5.5,1.65,3.4,5.5,1.6,3.3,4.8,1.62,3.25,5,1.57,3.4,5.5,1.571,3.3,6,1.53,3.4,5.5,1.71,2.05,G. Paparesta,14,6,4,2,28,21,3,3,3,2,0,0,2.4,2.87,3.2,2.45,2.9,2.9,2.35,2.85,3.05,2.4,2.8,3,2.4,2.8,2.88,2.5,3,2.88,2.4,2.8,2.87,2.3
I1,10-11-2002,Juventus,Milan,2,1,H,2,1,H,2.25,2.87,3,2.36,3.08,3.1,2.2,2.8,3.1,2.25,2.88,3,2.25,3,3,2.25,3,3.1,2.2,2.87,3.1,1.9,1.75,O. Girardi,11,15,8,8,20,23,5,2,2,5,1,0,1.66,3.4,5.5,1.65,3.25,5.35,1.65,3.2,5.25,1.65,3.1,4.8,1.62,3.25,5,1.7,3.2,5,1.57,3.3,5.5,1.62
I1,10-11-2002,Lazio,Parma,0,0,D,0,0,D,1.61,3.25,5,1.78,3.4,4.4,1.75,3.2,4,1.62,3.25,5,1.67,3.25,5,1.75,3.2,4.5,1.61,3.3,5,1.8,1.96,F. Squillace,17,10,6,4,19,17,10,3,1,2,0,0,2.37,2.75,3.4,2.2,2.95,3.3,2.2,3,3.2,2.5,2.8,2.7,2.25,2.88,3,2.25,2.88,3.2,2.3,2.9,2.9,2.3
I1,10-11-2002,Perugia,Torino,2,1,H,1,0,H,1.8,3,4.2,1.9,3.16,5,1.8,3,4,1.73,3.2,4.33,1.73,3.25,4.33,1.75,3.2,4.5,1.72,3.1,4.5,1.9,1.8,D. Tombolini,9,17,4,10,20,20,1,8,2,3,0,0,3.75,3,2.1,3.7,3.1,1.97,3.6,3.1,2,3.3,2.9,2.2,3.4,3,2,3.6,3.1,2.1,3.5,2.87,2.05,3.2
I1,10-11-2002,Reggina,Modena,0,1,A,0,0,D,2.1,3,3.2,2.22,3.12,3.75,2,2.9,3.4,1.83,3.2,3.75,2,3.2,3.3,2,3.1,3.6,2,2.87,3.6,1.95,1.78,A. De Marco,7,8,4,4,17,19,3,9,1,0,0,0,3.4,3,2.2,3.3,2.85,2.25,3.2,3,2.2,3.1,2.8,2.2,3,2.88,2.25,3.3,3.1,2.1,3.2,3.1,2.05,3.2
I1,16-11-2002,Bologna,Perugia,2,1,H,2,1,H,1.615,3.25,5,1.71,3.25,5.25,1.65,3.1,4.8,1.62,3.25,5,1.67,3.25,5,1.667,3.25,5,1.66,3.1,5,1.75,1.85,L. Palanca,14,5,5,3,16,25,8,2,2,3,0,0,2.37,2.75,3.4,2.3,2.9,3.15,2.3,2.95,3.05,2.4,2.8,2.8,2.38,3,2.75,2.3,3,3,2.3,2.9,2.9,2.25
I1,16-11-2002,Roma,Inter,2,2,D,0,0,D,2.375,2.875,2.8,2.35,2.9,3,2.3,2.8,2.9,2.38,2.88,2.8,2.3,3,2.9,2.3,3,3,2.3,2.9,2.9,1.83,1.8,M. Trefoloni,8,16,4,8,13,13,5,10,0,1,0,0,6.5,3.5,1.57,6.75,3.4,1.52,6.45,3.3,1.55,5,3.2,1.6,6.5,3.25,1.5,6.5,3.25,1.57,6,3.25,1.53,6.5
I1,17-11-2002,Atalanta,Brescia,2,0,H,0,0,D,2.2,3,3,2.3,2.95,3.15,2.2,2.9,3,2.2,3.2,2.8,2.25,3,3,2.25,3,3.1,2.2,2.87,3.1,1.72,1.9,R. Rosetti,15,9,9,5,16,20,9,2,2,3,1,1,1.61,3.4,6,1.55,3.45,6.15,1.55,3.45,5.85,1.65,3.1,4.8,1.57,3.25,5.5,1.6,3.5,6,1.57,3.5,5,1.57
I1,17-11-2002,Como,Lazio,1,3,A,1,1,D,3.5,3.2,1.909,3.75,3.15,2,3.1,3,2.1,4,3.2,1.8,3.75,3.2,1.83,3.75,3.2,1.909,3.6,3.1,1.9,1.9,1.7,A. Dattilo,14,12,9,4,24,25,3,7,0,2,0,0,1.4,4,9,1.35,4.1,9,1.37,3.85,8.5,1.4,3.7,6.5,1.36,3.75,8,1.36,4,8.5,1.36,3.75,8,1.44
I1,17-11-2002,Empoli,Reggina,4,2,H,2,1,H,1.8,3,4.2,1.8,3.1,4.45,1.75,3.1,4.2,1.73,3.2,4.33,1.8,3.1,4.33,1.8,3.1,4.333,1.72,3.1,4.5,1.9,1.7,N. Ayroldi,,,,,,,,,1,3,0,0,2,3,4,2,3.1,3.65,1.9,3.1,3.9,1.85,2.9,4,1.83,3,4,1.83,3.2,4.2,1.8,3.1,4,2
I1,17-11-2002,Milan,Parma,2,1,H,0,0,D,1.533,3.4,5.5,1.55,3.45,6,1.6,3.2,5,1.5,3.4,6,1.53,3.4,6,1.533,3.5,6,1.53,3.4,5.5,1.7,1.9,C. Brighi,10,12,4,5,13,16,2,7,3,3,1,0,1.57,3.5,6.5,1.5,3.5,6.9,1.53,3.4,6.35,1.5,3.4,5.6,1.57,3.25,5.5,1.53,3.4,6.5,1.5,3.4,6,1.5
I1,17-11-2002,Modena,Piacenza,1,0,H,1,0,H,1.909,3,3.75,2.1,3.1,3.6,1.9,3,3.6,1.8,3.2,4,1.91,3,4,1.909,3,4,1.8,3.1,4,1.9,1.7,D. Messina,11,14,5,8,15,22,4,3,1,4,0,0,2,3,4,1.95,3.1,3.8,1.85,3.1,4.15,1.9,2.9,3.8,1.83,3.2,3.75,1.91,3.1,4,1.83,3,4,1.91
I1,17-11-2002,Torino,Juventus,0,4,A,0,2,A,5,3.25,1.615,5.25,3.25,1.7,4.4,3.1,1.7,5,3.25,1.62,5,3.25,1.67,5,3.25,1.667,5,3.1,1.66,1.8,1.8,O. Pantana,10,5,5,3,14,20,8,3,1,3,0,0,1.72,3.3,5,1.75,3.1,4.9,1.7,3.2,4.85,1.75,3,4.4,1.73,3.2,4.33,1.75,3.2,4.6,1.72,3.1,4.5,1.73
I1,17-11-2002,Udinese,Chievo,2,1,H,2,0,H,2.25,3,2.875,2.3,2.95,3.15,2.2,2.8,3.1,2.2,3.2,2.8,2.25,3.2,2.75,2.25,3.2,2.875,2.25,3,2.87,1.85,1.76,M. De Santis,13,8,7,4,12,21,8,2,5,1,0,0,3,3,2.4,2.8,3,2.45,2.8,3.1,2.35,2.8,2.8,2.4,2.75,3,2.38,2.88,3,2.4,2.7,3,2.37,2.88
I1,23-11-2002,Juventus,Bologna,1,1,D,0,0,D,1.444,3.5,7,1.5,3.58,7.45,1.45,3.6,5.8,1.4,3.75,7,1.44,3.6,7,1.444,3.6,7,1.4,3.5,8,1.85,1.85,P. Bertini,7,4,4,3,26,26,6,2,2,3,0,0,2.37,2.75,3,2.45,2.9,2.9,2.4,2.85,3,2.2,2.9,3.3,2.38,2.8,2.88,2.5,2.88,3,2.3,2.9,2.9,2.3
I1,23-11-2002,Milan,Inter,1,0,H,1,0,H,2.625,2.75,2.625,2.55,2.9,2.75,2.6,2.8,2.6,2.5,2.88,2.62,2.5,2.88,2.75,2.5,2.875,2.75,2.6,2.8,2.6,1.77,1.85,S. Farina,11,12,8,7,13,20,4,8,1,2,0,0,3,3,2.25,3.4,3.05,2.1,3.2,3,2.2,3.3,2.9,2.2,3.2,3.2,2,3.2,3.1,2.25,2.87,3,2.25,3.1
I1,24-11-2002,Brescia,Udinese,1,1,D,0,1,A,2.25,2.875,3,2.28,3.05,3,2.2,2.8,3.1,2.25,3,2.88,2.25,3.1,2.88,2.25,3.1,2.875,2.25,3,2.87,1.85,1.77,N. Stefanini,14,7,6,4,13,21,6,2,2,1,0,0,1.83,3,4.33,1.85,3,4.45,1.83,3,4.5,1.85,2.8,4.2,1.91,3,3.75,1.85,3.1,4.2,1.8,3.1,4,1.83
I1,24-11-2002,Chievo,Empoli,1,0,H,1,0,H,1.8,3,4.333,1.85,3.2,4.05,1.85,3,3.8,1.8,3.25,3.75,1.73,3.2,4.5,1.75,3.2,4.333,1.8,3.25,3.8,1.67,1.95,M. Gabriele,7,11,4,6,22,14,4,5,3,3,0,2,1.36,4,7.5,1.36,4,8.75,1.38,3.85,8.5,1.45,3.6,5.8,1.4,3.75,7,1.36,4.1,9.5,1.36,3.75,8,1.36
I1,24-11-2002,Lazio,Modena,4,0,H,2,0,H,1.5,3.25,6.5,1.51,3.65,6.6,1.45,3.6,5.8,1.44,3.6,6.5,1.53,3.4,6,1.533,3.4,6,1.44,3.5,7,1.72,1.95,M. Mazzoleni,14,10,6,5,22,25,5,3,2,4,0,0,2,3,3.5,2.15,2.9,3.45,2.1,2.95,3.5,2.1,2.9,3.2,2,3,3.4,2.1,3,3.4,2.05,2.9,3.4,2.2
I1,24-11-2002,Parma,Roma,3,0,H,2,0,H,2.5,2.875,2.625,2.6,3,2.64,2.6,2.7,2.7,2.38,2.88,2.8,2.5,2.88,2.75,2.5,2.875,2.75,2.5,2.9,2.62,1.8,1.85,M. Saccani,7,8,3,5,15,13,3,5,1,1,0,0,1.72,3.25,4.33,1.77,3.1,4.75,1.8,3.15,4.33,1.7,3.1,4.4,1.67,3.25,4.5,1.8,3.2,4.33,1.7,3.2,4.5,1.73
I1,24-11-2002,Perugia,Como,3,0,H,1,0,H,1.667,3.3,4.5,1.73,3.2,5.1,1.7,3,4.6,1.62,3.25,5,1.73,3.2,4.5,1.727,3.2,4.5,1.61,3.3,5,1.92,1.75,G. Rocchi,12,5,5,2,23,20,3,4,2,4,0,0,2.6,2.87,2.6,2.55,2.9,2.75,2.65,2.9,2.65,2.6,2.8,2.6,2.75,3,2.38,2.7,2.9,2.6,2.75,2.9,2.4,2.62
I1,24-11-2002,Piacenza,Torino,1,0,H,1,0,H,1.833,3,4,1.9,3.1,3.98,1.85,3,3.8,1.91,3.2,3.5,1.91,3.1,3.75,1.909,3.1,3.75,1.9,3,3.75,1.9,1.75,N. Rizzoli,13,9,8,5,19,15,9,2,1,3,1,0,1.44,3.75,6.5,1.45,3.65,7.5,1.45,3.65,7.25,1.55,3.4,6,1.44,3.6,6.5,1.5,3.6,6.5,1.44,3.6,6.5,1.5
I1,24-11-2002,Reggina,Atalanta,1,1,D,0,1,A,2,3,3.4,2.1,3.05,3.4,2,2.9,3.4,2,3,3.4,2.2,3.2,2.88,2.2,2.875,3.2,2.1,2.87,3.3,1.89,1.75,M. Bergonzi,7,10,3,4,23,18,3,7,2,1,0,0,2.4,2.9,2.8,2.37,2.9,3,2.55,2.85,2.8,2.6,2.8,2.6,2.6,3,2.5,2.6,3,2.6,2.6,2.8,2.6,2.62
I1,30-11-2002,Reggina,Chievo,1,1,D,1,0,H,2.625,3.1,2.375,2.55,2.95,2.65,2.5,2.8,2.7,2.5,2.88,2.62,2.6,3,2.5,2.6,3,2.5,2.6,3.1,2.4,1.75,1.88,P. Rodomonti,10,9,2,3,31,28,6,6,2,2,0,0,2,3,3.5,2.05,3.1,3.5,2,3,3.75,2,3,3.6,1.8,3.2,4,2,3,4,1.95,3,3.6,2
I1,01-12-2002,Atalanta,Perugia,0,2,A,0,1,A,1.909,3,3.75,1.95,3.05,3.75,2,2.9,3.4,2,3,3.4,2,3.1,3.4,2,3.1,3.4,2,3,3.4,1.75,1.85,A. Romeo,12,11,8,4,23,17,3,7,1,1,0,0,2,2.75,4,2,2.85,4.05,1.95,2.95,4,1.9,2.7,4.2,1.8,3,4.33,1.95,2.95,4,1.9,2.87,4,1.91
I1,01-12-2002,Bologna,Modena,3,0,H,0,0,D,1.727,3.1,4.5,1.7,3.15,5,1.75,3,4.4,1.62,3.25,5,,,,1.667,3.25,4.75,1.66,3.1,5,1.8,1.8,D. Messina,7,9,3,3,16,18,3,8,2,3,0,0,3.6,3.1,2.1,3.5,3.1,2.05,3.45,3.1,2.05,3.2,2.8,2.3,3.2,3,2.1,3.5,3.1,2.1,3.3,2.87,2.1,3.2
I1,01-12-2002,Empoli,Milan,1,1,D,1,0,H,4.333,3.2,1.727,4.75,3.2,1.8,3.8,3.1,1.8,4,3.2,1.8,4,3.25,1.8,4,3.25,1.8,4.5,3.1,1.72,1.7,1.9,A. Dattilo,5,11,3,5,17,13,6,3,2,1,0,0,3.5,3,2,3.85,2.95,2,3.65,3.05,2,3.5,2.7,2.1,3.4,3,2,3.6,3.1,2,3.75,3,1.9,3.6
I1,01-12-2002,Inter,Brescia,4,0,H,2,0,H,1.286,4.5,8,1.35,4.46,8,1.35,3.8,7.5,1.3,4,9,1.3,4.33,8.5,1.3,4.333,8.5,1.28,4.5,8,1.65,1.95,E. Morganti,14,7,7,2,19,23,6,1,2,4,0,0,1.9,3,3.8,1.85,3.05,4.35,1.85,3.05,4.33,1.9,2.9,3.8,1.8,3,4.33,1.85,3.1,4.2,1.83,2.87,4.33,1.73
I1,01-12-2002,Piacenza,Lazio,2,3,A,2,2,D,4,3.1,1.8,3.8,3.2,1.9,3.6,3,1.9,4,3,1.83,4,3.2,1.8,4,3.2,1.8,3.75,3,1.9,1.8,1.8,C. Brighi,18,7,7,3,21,19,8,5,3,2,0,1,1.25,4.5,11,1.25,5,10,1.24,5,11,1.25,4.5,9,1.25,4.5,10,1.22,5.5,12,1.25,4.5,10,1.25
I1,01-12-2002,Roma,Juventus,2,2,D,2,1,H,2.5,2.875,2.625,2.56,2.95,2.65,2.7,2.6,2.7,2.5,2.88,2.62,2.6,2.88,2.6,2.6,2.875,2.6,2.5,2.9,2.62,1.8,1.8,P. Dondarini,11,9,7,5,24,11,7,3,4,2,0,0,3.2,3.2,2.2,3.25,3.05,2.15,3.3,3,2.15,3.2,2.8,2.3,3.2,2.8,2.2,3.2,3,2.2,3.1,2.87,2.2,3.25
I1,01-12-2002,Torino,Parma,0,4,A,0,2,A,2.7,3,2.4,2.7,2.95,2.5,2.7,2.8,2.5,2.5,2.88,2.62,2.6,3,2.5,2.6,3,2.5,2.6,2.8,2.6,1.8,1.8,P. Bertini,7,4,4,3,26,26,6,2,2,3,0,0,1.36,4.33,9,1.32,4.5,8.5,1.35,4.15,8.5,1.37,3.8,7.5,1.33,3.75,9,1.36,4.33,8.5,1.33,4,8,1.4
I1,07-12-2002,Lazio,Inter,3,3,D,3,1,H,2.375,2.875,2.8,2.42,3,2.82,2.1,2.8,3.3,2.38,2.88,2.8,2.5,2.88,2.75,2.5,2.875,2.75,2.37,2.9,2.8,1.75,1.85,M. Trefoloni,15,8,7,3,18,19,6,4,2,4,0,0,2.2,3,3.5,2.15,2.9,3.4,2.1,2.95,3.5,2.2,2.8,3.4,2.1,3,3.2,2.1,3.1,3.5,2.1,2.87,3.3,2
I1,07-12-2002,Milan,Roma,1,0,H,0,0,D,1.8,3.1,4,1.82,3.15,4.18,1.75,3.1,4.2,1.73,3.2,4.33,1.8,3.2,4,1.8,3.2,4,1.8,3.1,4,1.8,1.8,P. Tagliavento,5,10,3,4,20,20,6,3,1,3,0,0,1.8,3.25,4,1.8,3.05,4.6,1.75,3.25,4.5,1.75,3,4.4,1.8,3,4.33,1.73,3.25,4.6,1.83,3,4,1.8
I1,08-12-2002,Brescia,Juventus,2,0,H,0,0,D,4.5,3.25,1.667,4.6,3.2,1.75,4.2,3.1,1.75,5,2.88,1.73,4.5,3.1,1.73,4.5,3.1,1.75,4.5,3.1,1.72,1.8,1.8,D. Tombolini,13,8,5,5,28,18,10,1,3,3,0,1,2.25,2.8,3.2,2.35,2.85,3.1,2.25,2.9,3.2,2.3,2.8,2.9,2.2,3,3,2.25,3,3.1,2.25,2.87,3,2.1
I1,08-12-2002,Chievo,Bologna,0,0,D,0,0,D,2,2.875,3.6,2.08,3,3.5,2.1,2.8,3.3,2,3,3.4,2,3,3.5,2,3,3.5,2,3,3.4,1.8,1.8,G. Paparesta,9,9,3,6,31,21,3,6,3,3,0,1,2.75,3,2.37,3.05,2.95,2.3,3.1,2.9,2.3,3.2,2.9,2.2,3.2,3,2.1,3.3,3,2.25,2.9,2.9,2.3,3.2
I1,08-12-2002,Modena,Como,1,1,D,0,0,D,1.667,3.25,4.5,1.75,3.25,4.85,1.75,3.1,4.2,1.62,3.25,5,1.67,3.2,5,1.667,3.2,5,1.61,3.3,5,1.9,1.7,M. De Santis,18,5,11,3,20,21,10,0,3,3,0,0,1.57,3.4,5.5,1.57,3.25,6,1.6,3.25,6,1.65,3.2,4.6,1.67,3,5.5,1.62,3.4,6,1.6,3,6,1.62
I1,08-12-2002,Parma,Reggina,2,0,H,0,0,D,1.444,3.5,7,1.45,3.75,7,1.4,3.7,6.5,1.44,3.6,6.5,1.5,3.5,6,1.5,3.5,6,1.44,3.3,7.5,1.7,1.9,M. Bergonzi,11,10,6,4,18,21,10,6,0,3,0,0,1.61,3.2,5.5,1.65,3.1,5.75,1.65,3.2,5.5,1.7,3.1,4.4,1.62,3.2,5.5,1.67,3.1,5.5,1.61,3.1,5.5,1.62
I1,08-12-2002,Perugia,Piacenza,0,0,D,0,0,D,1.8,3,4.2,1.8,3.05,4.5,1.75,3.1,4.2,1.73,3.2,4.33,1.8,3.1,4.33,1.8,3.1,4.2,1.72,3.1,4.5,1.8,1.8,P. Rodomonti,6,16,3,5,21,18,2,10,1,2,0,0,2.8,2.9,2.4,3,3,2.3,2.9,3,2.35,3.1,2.9,2.3,2.88,3,2.25,3.1,3,2.38,2.9,2.9,2.3,3
I1,08-12-2002,Udinese,Empoli,2,1,H,1,1,D,1.909,3,3.75,1.9,3.1,3.95,1.85,3,3.8,1.83,3.2,3.75,1.91,3.1,3.75,1.909,3.1,3.75,1.9,3,3.75,1.85,1.75,G. Rocchi,15,6,9,3,16,18,8,3,2,3,0,0,1.28,4.33,9.5,1.3,4.5,9,1.27,4.75,10,1.27,4.3,8.5,1.25,4.5,10,1.33,4.33,10,1.28,4.2,9,1.29
I1,14-12-2002,Bologna,Parma,2,1,H,2,1,H,2.2,3,3,2.25,3,2.95,2.1,2.8,3.3,2.1,3,3.2,2.2,2.88,3.2,2.2,2.875,3.2,2.2,2.8,3.2,1.8,1.8,L. Palanca,18,8,12,5,20,19,10,3,2,4,0,0,2.37,2.87,2.87,2.4,3,2.85,2.35,2.9,3,2.3,2.8,2.9,2.3,3,2.88,2.38,3,2.88,2.3,2.8,3,2.3
I1,14-12-2002,Piacenza,Chievo,0,3,A,0,0,D,2.4,3,2.7,2.4,3,2.85,2.3,2.8,2.9,2.38,2.88,2.8,2.38,3,2.8,2.375,3,2.8,2.4,2.9,2.75,1.9,1.7,R. Rosetti,14,5,5,2,16,29,4,3,3,1,0,0,1.83,3,4.33,1.8,3,4.8,1.9,2.8,4.6,1.9,2.8,4,2,3,3.4,1.85,3,4.33,1.83,2.87,4.33,1.91
I1,15-12-2002,Brescia,Perugia,3,1,H,2,0,H,2,3,3.4,2.1,3.1,3.3,2.1,2.8,3.3,2,3.2,3.2,2.1,3,3.25,2.1,3,3.25,2.1,3,3.2,1.9,1.7,A. De Marco,11,4,7,1,26,27,2,5,2,3,1,1,1.9,2.9,4,2,3.1,3.6,2,3,3.75,1.9,2.9,3.8,1.8,3.2,4,1.91,3,4.2,1.9,3,3.75,2
I1,15-12-2002,Como,Milan,1,2,A,1,2,A,5,3.25,1.615,5.5,3.35,1.61,4.8,3.3,1.6,5,3.25,1.62,5,3.2,1.67,5,3.2,1.667,5,3.1,1.66,1.8,1.8,S. Racalbuto,11,6,8,1,27,18,9,4,3,2,0,0,1.9,2.9,4,1.95,3.1,3.8,1.87,3,4.25,1.9,2.9,4,1.83,3,4,1.91,3,4.2,1.83,3,4,1.8
I1,15-12-2002,Empoli,Modena,1,0,H,0,0,D,2,3,3.4,1.9,3.15,3.8,1.9,2.9,3.8,1.8,3.2,4,2,3.1,3.4,2,3.1,3.4,2,2.87,3.6,1.9,1.7,A. Giannoccaro,8,11,4,6,20,18,4,3,1,0,0,0,4,2.8,2.1,3.8,2.9,2.05,3.4,3,2.1,3.4,3,2.1,3.2,3,2.1,3.6,3,2.05,3.3,2.8,2.15,3.4
I1,15-12-2002,Inter,Atalanta,1,0,H,0,0,D,1.25,4.5,10,1.3,4.4,9.05,1.25,4.2,10,1.25,4.5,10,1.33,4.2,8,1.333,4.2,8,1.22,5,9.5,1.7,1.9,S. Farina,14,5,2,2,22,30,8,3,2,3,0,0,2.25,2.87,3.5,2.2,2.8,3.45,2.15,2.85,3.55,2.2,2.8,3.1,2,3,3.5,2.2,2.88,3.4,2.1,2.87,3.3,2.1
I1,15-12-2002,Juventus,Lazio,1,2,A,1,1,D,1.909,3,3.75,1.9,3.15,3.85,2.1,2.8,3.3,1.91,3,3.75,1.91,3.2,3.6,1.909,3.2,3.6,1.9,3.1,3.6,1.8,1.8,D. Tombolini,18,10,6,3,14,22,3,0,1,3,0,0,1.2,6,13,1.16,5.9,15,1.2,5.6,12,1.17,5.5,11,1.17,5.5,12,1.17,6.5,15,1.14,5.5,15,1.17
I1,15-12-2002,Roma,Reggina,3,0,H,2,0,H,1.4,3.6,7.5,1.32,4.5,8,1.4,3.7,6.5,1.36,3.75,8,1.36,4,7.5,1.364,4,7.5,1.33,4,8,1.7,1.9,P. Mazzoleni,5,5,3,2,18,20,0,6,2,3,0,0,2.87,3,2.5,2.85,2.85,2.5,2.85,2.9,2.5,2.8,2.7,2.5,2.5,2.88,2.62,2.7,2.88,2.6,2.75,2.75,2.5,2.75
I1,15-12-2002,Udinese,Torino,1,1,D,0,0,D,1.533,3.4,5.5,1.58,3.45,5.5,1.6,3.2,5,1.57,3.25,5.5,1.53,3.4,6,1.533,3.4,6,1.57,3.3,5.5,1.8,1.8,P. Dondarini,6,9,3,1,23,12,2,7,3,3,0,0,3.1,3,2.37,2.85,3,2.4,3.1,3,2.3,3,2.9,2.2,2.88,3,2.25,3,3,2.3,3,3,2.2,2.88
I1,18-12-2002,Como,Udinese,0,2,A,0,1,A,2.625,2.875,2.5,2.7,3,2.51,2.5,2.8,2.7,2.88,3,2.25,2.63,3,2.5,2.75,3,2.375,2.62,2.9,2.5,1.9,1.7,P. Tagliavento,12,12,8,8,20,16,5,9,1,3,1,0,2.3,2.87,3.4,2.2,2.9,3.35,2.2,2.9,3.4,2.3,2.7,3,2.2,2.8,3.2,2.2,2.9,3.3,2.2,2.87,3.1,2.1
I1,21-12-2002,Modena,Udinese,0,1,A,0,1,A,2.2,3,3,2.35,3,2.95,2.4,2.8,2.8,2.25,3,2.88,2.3,3,2.88,2.3,3,2.875,2.2,2.87,3.1,1.95,1.65,S. Racalbuto,11,4,6,3,14,24,3,3,0,0,0,0,1.14,6.5,21,1.14,6.1,18,1.15,6,17,1.12,6.5,13,1.14,5.5,15,1.14,6.75,17,1.14,5.5,15,1.12
I1,21-12-2002,Torino,Roma,0,1,A,0,0,D,3.4,3,2,3.4,3.1,2.05,3.2,2.9,2.1,3.2,3,2.1,3.25,3,2.1,3.25,3,2.1,3.2,3,2.1,1.9,1.7,M. Trefoloni,12,14,6,5,20,12,5,8,2,1,0,0,5,3.3,1.72,4.25,3.4,1.75,4.45,3.25,1.77,4.5,3.1,1.75,4.33,3,1.8,5,3.3,1.73,4.5,3.2,1.7,4
I1,22-12-2002,Atalanta,Empoli,2,2,D,2,0,H,2.2,3,3,2.02,3.1,3.5,2.1,2.9,3.2,2.1,3,3.2,2.1,3.25,3,2.1,3,3.25,2.1,3,3.2,1.9,1.7,M. Bergonzi,7,9,2,5,24,23,3,2,2,1,0,0,2.62,3,2.75,2.65,2.95,2.6,2.65,2.95,2.6,2.6,2.8,2.6,2.5,3,2.6,2.6,3,2.6,2.6,2.8,2.6,2.4
I1,22-12-2002,Chievo,Como,2,0,H,0,0,D,1.4,3.75,7,1.48,3.6,6.8,1.5,3.4,5.6,1.4,3.75,7,1.44,3.6,7,1.444,3.6,7,1.36,3.6,9,1.7,1.9,N. Ayroldi,9,8,5,3,22,24,6,4,3,1,1,0,2.37,3.1,3,2.45,3.1,2.7,2.4,3,2.9,2.4,2.9,2.9,2.25,3,2.88,2.5,3.1,2.8,2.4,2.9,2.75,2.25
I1,22-12-2002,Lazio,Bologna,1,1,D,1,0,H,1.667,3.1,5,1.63,3.3,5.35,1.65,3,5,1.62,3.25,5,1.62,3.2,5.5,1.615,3.2,5.5,1.61,3.1,5.5,1.7,1.9,O. Pantana,1,7,0,2,18,19,1,3,3,2,1,0,2,3.1,4,1.95,2.95,4,1.95,3,4,2,2.9,3.4,1.91,3,3.75,1.91,3.1,4,1.9,3,3.75,1.83
I1,22-12-2002,Milan,Brescia,0,0,D,0,0,D,1.25,4.5,10,1.23,5,11.5,1.25,4.3,10,1.29,4.33,9,1.29,4.33,9,1.286,4.333,9,1.22,5,9.5,1.65,1.95,T. Pieri,10,13,5,4,19,19,3,3,2,3,0,0,5,3,1.72,5.5,3.2,1.65,5.25,3.2,1.67,4.5,3.1,1.75,5,3.2,1.67,5.25,3.3,1.7,4.5,3.1,1.72,5.25
I1,22-12-2002,Parma,Inter,1,2,A,0,1,A,2.5,3.1,2.5,2.8,2.85,2.6,2.5,2.8,2.7,2.6,2.8,2.6,2.6,2.88,2.6,2.6,2.875,2.6,2.62,2.9,2.5,1.6,2.05,A. De Marco,15,9,8,3,18,15,8,2,1,0,0,0,1.2,4.5,17,1.19,5.5,13,1.21,5.25,12,1.25,4.5,9,1.17,5.5,12,1.22,5.5,12,1.2,5,11,1.17
I1,22-12-2002,Perugia,Juventus,0,1,A,0,0,D,4,3.1,1.833,4.3,3.22,1.88,4,3.2,1.75,4,3.2,1.8,4,3.1,1.83,4,3.1,1.85,3.75,3,1.9,1.7,1.9,D. Messina,,,,,,,,,0,3,0,0,2.87,3,2.3,3.25,2.95,2.2,3.1,3,2.25,3.1,2.9,2.3,2.8,3,2.38,3.2,3,2.3,2.9,2.9,2.3,3.2
I1,22-12-2002,Reggina,Piacenza,3,1,H,0,1,A,2.1,3,3.2,2.12,3.05,3.3,2.1,2.8,3.3,2.1,3,3.2,2.1,3,3.25,2.1,3,3.25,2.1,2.87,3.3,1.95,1.65,L. Marelli,,,,,,,,,0,0,0,0,1.8,3,4.33,1.8,3.15,4.5,1.8,3.15,4.4,1.7,3,4.6,1.73,3.1,4.5,1.75,3.25,4.5,1.66,3.2,4.8,1.67
I1,06-01-2003,Torino,Atalanta,1,1,D,0,1,A,2.1,3,3.2,2.2,3,3.2,2.1,2.9,3.2,,,,2.1,3.2,3.1,2.1,3.1,3.2,,,,1.9,1.7,N. Rizzoli,,,,,,,,,2,3,0,0,3.25,3,2.1,3.05,3,2.3,3.25,3,2.2,3.4,3,2.1,3.2,3.2,2,3.25,3.1,2.2,3.4,2.9,2.05,3.2
I1,11-01-2003,Brescia,Lazio,0,0,D,0,0,D,3.4,3,2,3.55,3.1,2,3.2,2.9,2.1,3.5,3.2,1.91,3.4,3.1,2,3.4,3.1,2,3.4,3,2,1.7,1.9,F. Squillace,,,,,,,,,5,3,0,0,1.61,3.25,5.5,1.65,3.15,5.75,1.65,3.25,5.75,1.6,3.2,5,1.62,3.25,5,1.62,3.3,5.5,1.61,3.1,5.5,1.62
I1,11-01-2003,Empoli,Torino,1,1,D,0,0,D,1.727,3.2,4.333,1.8,3.2,4.25,1.8,3,4,1.73,3.2,4.33,1.73,3.2,4.33,1.75,3.2,4.333,1.72,3.2,4.33,1.9,1.7,N. Stefanini,,,,,,,,,2,3,0,1,1.9,3,3.8,2,2.85,4,1.95,3,4,1.9,2.9,3.8,1.73,3.2,4.33,1.91,3.2,3.75,1.83,3,4,1.91
I1,12-01-2003,Bologna,Milan,0,2,A,0,0,D,2.7,3,2.375,2.7,3,2.5,2.6,2.8,2.6,2.62,2.88,2.5,2.6,3,2.5,2.6,3,2.5,2.62,2.9,2.5,1.7,1.9,G. Gava,,,,,,,,,1,1,0,0,1.66,3.2,5,1.7,3.15,5.15,1.7,3.2,5,1.7,3,4.6,1.62,3.25,5,1.67,3.3,5,1.66,3.1,5,1.62
I1,12-01-2003,Como,Atalanta,1,1,D,1,0,H,2.7,3,2.375,2.8,3.1,2.35,3,2.9,2.2,2.62,2.88,2.5,2.75,3,2.38,2.75,3,2.375,2.7,3,2.37,1.9,1.7,S. Cassara',,,,,,,,,2,3,0,1,2.4,2.75,3,2.45,2.9,2.9,2.4,2.85,3,2.4,2.8,2.8,2.25,2.88,3,2.5,2.88,2.88,2.37,2.8,2.9,2.3
I1,12-01-2003,Inter,Modena,2,0,H,2,0,H,1.222,5,9,1.25,4.7,11,1.25,4.5,9,1.25,4.5,10,1.25,4.5,10,1.25,4.6,10,1.25,4.5,10,1.7,1.9,E. Morganti,,,,,,,,,2,3,0,0,1.8,3,4.33,1.85,3.05,4.4,1.85,3,4.5,1.8,3,4,1.8,3.2,4,1.8,3.1,4.5,1.83,3,4,1.73
I1,12-01-2003,Juventus,Reggina,5,0,H,2,0,H,1.222,5,9,1.25,4.7,11,1.25,4.5,9,1.25,4.5,10,1.25,4.5,11,1.25,4.5,11,1.2,5,11,1.7,1.9,R. Herberg,,,,,33,34,2,3,1,4,0,0,1.28,5,10,1.25,4.75,11.5,1.25,4.75,11,1.33,4,7.5,1.25,4.5,10,1.29,4.75,11,1.25,4.5,10,1.22
I1,12-01-2003,Piacenza,Parma,1,1,D,0,1,A,2.7,3,2.375,2.7,3,2.5,2.8,2.9,2.3,2.6,3.2,2.38,2.6,3,2.5,2.6,3,2.5,2.62,2.9,2.5,1.7,1.9,M. Gabriele,,,,,24,20,3,6,4,3,0,0,2.1,3,3.75,2.1,2.95,3.55,2.1,3,3.4,2.1,2.7,3.5,2.1,3,3.2,2.15,3,3.5,2,2.87,3.6,2.1
I1,12-01-2003,Roma,Chievo,0,1,A,0,0,D,1.727,3.2,4.333,1.65,3.3,5.1,1.65,3.2,4.6,1.67,3.25,4.5,1.73,3.2,4.5,1.727,3.2,4.5,1.72,3.1,4.5,1.65,1.95,M. De Santis,9,5,5,3,23,20,3,6,4,2,0,1,2.3,3,3.25,2.2,2.85,3.4,2.15,2.9,3.4,2.1,2.7,3.5,2.1,3,3.2,2.2,2.88,3.4,2,2.87,3.6,2.25
I1,12-01-2003,Udinese,Perugia,0,0,D,0,0,D,1.727,3.2,4.333,1.75,3.2,4.55,1.75,3.1,4.2,1.73,3.2,4.33,1.73,3.2,4.5,1.727,3.2,4.5,1.72,3.1,4.5,1.75,1.85,D. Messina,16,7,5,3,20,19,5,3,2,3,0,0,2.75,2.87,2.75,2.5,2.95,2.8,2.55,2.9,2.7,2.6,2.9,2.7,2.4,3,2.75,2.6,3,2.75,2.6,2.8,2.6,2.75
I1,18-01-2003,Parma,Empoli,2,0,H,1,0,H,1.667,3.25,4.5,1.65,3.35,5,1.65,3.2,4.6,1.67,3.25,4.5,1.7,3.25,4.5,1.7,3.25,4.5,1.66,3.1,5,1.8,1.8,M. Mazzoleni,15,8,9,3,22,10,7,3,0,3,0,0,1.16,6,19,1.17,5.7,15,1.15,6,15,1.17,5.5,11,1.17,5.5,12,1.18,6,15,1.14,5.5,15,1.12
I1,18-01-2003,Reggina,Bologna,1,0,H,1,0,H,2.625,2.875,2.5,2.7,2.9,2.6,2.6,2.8,2.6,2.62,2.88,2.5,2.7,2.88,2.5,2.7,2.875,2.5,2.75,2.8,2.5,2,1.6,D. Tombolini,9,13,5,7,23,15,2,7,1,0,0,0,2.1,3,3.75,2,3,3.75,2,3,3.7,2,2.8,3.6,1.91,3,3.75,2,3,3.75,2.05,2.9,3.4,2
I1,19-01-2003,Atalanta,Roma,2,1,H,1,1,D,2.8,3,2.3,3.15,3,2.22,3,2.9,2.2,2.75,3,2.38,2.88,3,2.3,2.875,3,2.3,3,3,2.2,1.9,1.7,S. Racalbuto,,,,,,,,,1,1,0,1,2.6,2.87,2.9,2.45,2.95,2.85,2.4,2.9,2.9,2.5,2.7,2.8,2.5,2.88,2.62,2.5,2.88,2.88,2.5,2.9,2.62,2.5
I1,19-01-2003,Chievo,Juventus,1,4,A,0,2,A,2.8,3,2.3,3.15,3,2.22,3,2.9,2.2,2.75,3.2,2.25,2.88,3,2.3,2.875,3,2.3,2.8,3,2.3,1.9,1.7,S. Farina,9,7,4,4,27,25,3,7,4,4,0,0,3.1,3.1,2.3,3.2,3,2.2,3.2,3,2.2,2.8,2.9,2.3,2.88,3,2.25,3.1,3,2.25,3,2.87,2.25,3.3
I1,19-01-2003,Lazio,Udinese,2,1,H,2,1,H,1.571,3.25,5.5,1.55,3.45,6,1.6,3.2,5,1.62,3.25,5,1.62,3.2,5.5,1.615,3.2,5.5,1.61,3.1,5.5,1.8,1.8,P. Bertini,6,6,3,2,10,16,2,8,1,3,0,0,1.9,3.1,4.33,1.87,3.1,4.15,1.85,3.1,4.2,1.9,3,3.6,1.91,2.88,4,1.9,3,4.5,1.8,3,4.2,1.83
I1,19-01-2003,Milan,Piacenza,2,1,H,0,0,D,1.2,5,11,1.2,5.33,12,1.25,4.5,9,1.2,5,11,1.2,5,12,1.2,5,12,1.2,5,11,1.65,1.95,M. Trefoloni,8,8,2,5,20,21,8,4,2,3,0,0,1.66,3.4,5.5,1.65,3.25,5.35,1.67,3.35,5.25,1.65,3.2,4.6,1.57,3.25,5.5,1.53,3.5,6,1.57,3.1,6,1.57
I1,19-01-2003,Modena,Brescia,0,0,D,0,0,D,2.25,3,2.875,2.35,2.9,3,2.3,2.8,2.9,2.2,3,3,2.25,3,3,2.25,3,3,2.25,2.87,3,2,1.6,T. Pieri,,,,,20,30,3,7,2,3,0,0,6,3.2,1.66,5.5,3.2,1.65,5.5,3.1,1.7,4.4,3,1.75,5,3.2,1.67,5.5,3.3,1.67,4.5,3.4,1.67,4.5
I1,19-01-2003,Perugia,Inter,4,1,H,2,0,H,3.75,3.2,1.833,4,3.2,1.85,3.6,3.1,1.85,4,3.2,1.8,3.75,3.1,1.91,3.75,3.1,1.909,4,3,1.83,1.8,1.8,R. Rosetti,,,,,20,26,2,3,4,4,0,1,2.5,3,2.9,2.4,3,2.85,2.45,2.9,2.9,2.4,2.8,2.8,2.38,2.88,2.8,2.38,3,2.88,2.38,2.88,3,2.38
I1,19-01-2003,Torino,Como,0,0,D,0,0,D,1.727,3.2,4.333,1.7,3.25,4.85,1.75,3.2,4,1.73,3.2,4.33,1.73,3.25,4.33,1.727,3.25,4.333,1.72,3.1,4.5,2,1.6,P. Rodomonti,4,12,3,6,22,23,4,7,2,4,0,0,1.83,3,5,1.85,3,4.5,1.85,3,4.65,1.9,2.7,4.2,1.91,2.88,4,1.83,3.05,4.33,1.83,2.8,5,1.83
I1,25-01-2003,Como,Roma,2,0,H,0,0,D,4.33,3.2,1.72,4.55,3.2,1.75,3.8,3.1,1.8,4.33,3.2,1.73,4.33,3.25,1.73,4.33,3.25,1.73,4.33,3.2,1.72,1.9,1.7,L. Banti,10,9,4,3,25,16,7,3,2,3,0,1,2.3,3,3.2,2.4,2.85,3,2.3,3,3.1,2.2,2.9,3,2.1,3,3.2,2.3,3,3,2.2,3,3.2,2.2
I1,25-01-2003,Modena,Atalanta,0,2,A,0,1,A,2.25,3,2.87,2.25,2.9,3.2,2.2,2.8,3.1,2.2,2.8,3.2,2.3,3,2.88,2.3,2.88,3,2.2,2.8,3.2,2,1.6,G. Paparesta,6,19,2,6,19,20,2,7,3,1,0,0,4,3.1,2,3.6,3.1,2,3.9,3,2,3.3,2.8,2.1,3.5,3,2,4,3.05,1.91,3.4,3.2,2,3.4
I1,26-01-2003,Bologna,Torino,2,2,D,1,1,D,1.5,3.25,6.5,1.55,3.4,6.2,1.6,3.1,5.2,1.57,3.25,5.5,1.53,3.4,6,1.53,3.4,6,1.5,3.2,7,1.9,1.7,P. Tagliavento,17,10,8,4,12,16,11,5,1,0,0,0,1.2,5.8,15,1.2,5.45,12,1.2,5.5,12,1.22,4.8,9.5,1.2,5,11,1.2,5.5,15,1.17,5.5,16,1.17
I1,26-01-2003,Brescia,Parma,1,1,D,1,1,D,2.37,2.87,2.8,2.35,2.9,3,2.4,2.8,2.8,2.38,3,2.75,2.4,3,2.75,2.4,3,2.75,2.3,2.9,2.9,1.9,1.7,L. Palanca,9,10,4,5,12,21,8,1,2,2,1,0,1.95,3,4.33,2,3,3.75,2,3,3.9,2.1,2.7,3.5,2,3,3.5,2,3,3.75,1.91,3,4,1.91
I1,26-01-2003,Inter,Empoli,3,0,H,0,0,D,1.3,4.33,8,1.33,4.2,9,1.3,4,8.5,1.33,4,8,1.29,4.33,9,1.29,4.33,9,1.25,4.5,10,1.7,1.9,P. Bertini,10,20,5,10,10,19,6,7,2,3,0,0,6,3.4,1.61,5.8,3.3,1.6,5.75,3.3,1.62,4.8,2.9,1.7,5,3.25,1.62,6,3.4,1.62,5.25,3.4,1.62,5.25
I1,26-01-2003,Juventus,Piacenza,2,0,H,2,0,H,1.2,5,11,1.25,5,10,1.2,4.7,11,1.2,5,11,1.22,5,10,1.22,5,10,1.2,5,11,1.65,1.95,G. Rocchi,9,11,4,6,20,21,3,4,3,2,0,0,2.3,3,3.25,2.25,3,3.15,2.2,3,3.3,2.2,2.9,3,2.1,3,3.2,2.2,3.1,3.25,2.1,3,3.4,2.1
I1,26-01-2003,Lazio,Reggina,0,1,A,0,0,D,1.28,4.33,8.5,1.33,4.2,9,1.3,4,8.5,1.36,3.75,8,1.3,4.33,8.5,1.3,4.33,8.5,1.25,5,8,1.65,1.95,A. Dattilo,8,3,4,2,16,19,5,2,3,1,0,0,2,3.1,4,1.95,3.1,3.8,1.95,3,3.9,2,2.8,3.6,1.83,3.2,3.75,1.91,3.05,4,1.83,3,4.33,1.83
I1,26-01-2003,Perugia,Chievo,1,0,H,1,0,H,2.25,3,2.87,2.25,2.95,3.1,2.2,2.9,3,2.38,2.88,2.8,2.25,3,3,2.25,3,3,2.25,2.87,3,1.8,1.8,P. Dondarini,7,5,3,1,19,14,6,3,3,2,1,1,2.1,2.8,4,2.15,2.95,3.4,2.1,2.9,3.6,1.9,2.9,3.8,1.91,3,3.75,2.05,2.88,3.75,1.9,3,3.75,1.91
I1,26-01-2003,Udinese,Milan,1,0,H,1,0,H,3.4,3,2,3.5,3.15,2,3.3,3,2,3.4,3,2,3.4,3.1,2,3.4,3.1,2,3.4,3,2,1.7,1.9,R. Rosetti,10,10,3,6,20,24,1,7,2,1,0,0,1.72,3.1,5.5,1.7,3.3,4.8,1.7,3.2,5.1,1.75,3.1,4.2,1.62,3.25,5,1.7,3.2,5,1.61,3.1,5.5,1.67
I1,01-02-2003,Piacenza,Brescia,1,4,A,1,2,A,2.3,2.8,3,2.3,2.95,3,2.4,2.7,2.9,2.25,2.88,3,2.2,2.88,3.2,2.2,2.88,3.2,2.25,2.8,3.1,1.9,1.7,O. Girardi,17,6,9,4,18,17,9,2,0,1,0,0,1.14,6,17,1.16,6,14.5,1.18,5.5,13,1.2,5,10,1.2,5,11,1.18,5.5,13,1.2,5,11,1.14
I1,01-02-2003,Roma,Bologna,3,1,H,1,1,D,1.8,2.9,4.5,1.8,3.05,4.5,1.7,3.1,4.4,1.73,2.88,5,1.8,3,4.5,1.8,3,4.5,1.8,3.1,4,1.8,1.8,M. De Santis,10,6,6,5,31,28,8,2,2,1,0,0,1.16,6,19,1.16,6,14.5,1.17,6,14,1.17,5.5,11,1.17,5.5,12,1.17,6.25,15,1.16,5.5,12,1.1
I1,02-02-2003,Atalanta,Juventus,1,1,D,1,0,H,4.33,3.2,1.72,4.3,3.15,1.8,3.8,3.1,1.8,4,3.2,1.8,4.2,3.1,1.8,4.2,3.1,1.8,4.5,3.1,1.72,1.75,1.85,G. Lops,11,4,2,2,22,15,5,5,2,3,1,0,2.6,3.1,2.7,2.75,2.85,2.6,2.65,2.9,2.65,2.5,2.9,2.6,2.5,2.88,2.62,2.7,2.88,2.62,2.62,2.9,2.5,2.6
I1,02-02-2003,Chievo,Lazio,1,1,D,1,0,H,2.37,3.1,2.62,2.55,3.2,2.5,2.5,2.9,2.6,2.5,3.2,2.5,2.5,3.1,2.6,2.5,3.1,2.6,2.5,3.1,2.5,1.8,1.8,M. Trefoloni,6,17,2,11,11,18,5,5,1,0,0,0,4.33,3.1,1.9,4.2,3.25,1.8,4.5,3,1.85,3.8,2.9,1.9,4,3.2,1.8,4.5,3.15,1.85,3.75,3,1.9,4.33
I1,02-02-2003,Empoli,Como,0,0,D,0,0,D,1.72,3.1,4.5,1.75,3.2,4.5,1.9,2.9,3.8,1.73,3.2,4.33,1.73,3.2,4.5,1.73,3.2,4.5,1.72,3.1,4.5,1.9,1.7,G. Paparesta,6,13,1,5,21,22,1,5,5,1,0,1,2,3,4,1.95,3,3.95,2.1,2.9,3.6,2.2,2.8,3.1,2.2,3,3,2.1,2.88,3.6,2.1,3,3.2,1.91
I1,02-02-2003,Milan,Modena,2,1,H,0,0,D,1.2,5,11,1.2,5.1,13,1.2,4.8,11,1.2,5,11,1.22,5,11,1.22,5,11,1.2,5,11,1.65,2,N. Ayroldi,5,7,4,1,21,19,3,8,3,3,0,0,2,3,4,2,3,3.8,2,3,3.75,2,2.9,3.4,2.1,3,3.2,2,3,3.75,2,3,3.4,1.91
I1,02-02-2003,Parma,Udinese,3,2,H,1,0,H,1.9,3.2,3.5,1.85,3.15,4.1,1.9,2.9,3.8,1.8,3.2,4,1.85,3.1,4,1.85,3.1,4,1.8,3.1,4,1.8,1.8,D. Tombolini,12,7,6,3,21,11,1,8,1,2,0,1,1.9,3.1,4.33,1.95,3.1,3.85,1.9,3,4.1,2,2.9,3.4,1.8,3.2,4,1.91,3.05,4,1.8,3.1,4,1.83
I1,02-02-2003,Reggina,Perugia,3,1,H,2,1,H,2.2,3,3,2.1,3,3.4,2.1,2.9,3.2,2.1,3,3.2,2.2,2.88,3.2,2.2,2.88,3.2,2.2,3,3,1.8,1.8,M. Saccani,19,8,7,5,21,19,5,5,2,2,0,0,2.4,3,3,2.3,2.9,3.15,2.45,2.9,2.9,2.4,2.9,2.7,2.2,3,3,2.3,3,3,2.3,2.9,2.9,2.3
I1,02-02-2003,Torino,Inter,0,2,A,0,0,D,4.33,3.2,1.72,4.5,3.2,1.75,4,3.2,1.75,4.33,3.2,1.73,4.33,3.2,1.73,4.33,3.2,1.75,4.5,3.1,1.72,1.7,1.9,P. Bertini,12,13,6,6,20,25,7,6,2,2,0,0,5.5,3.4,1.66,5.1,3.2,1.7,5,3.2,1.7,4.5,3.1,1.75,5,3.25,1.62,5.5,3.2,1.7,4.5,3.1,1.72,5
I1,08-02-2003,Juventus,Empoli,1,0,H,1,0,H,1.25,4.5,10,1.3,4.75,9,1.2,5,10,1.25,4.5,10,1.25,4.75,10,1.25,4.75,10,1.22,5,9.5,1.7,1.9,S. Farina,6,6,3,3,26,28,4,4,2,3,0,0,3.75,3.2,2,3.65,3.1,2,3.75,3,2,3.5,3,2,3.2,3,2.1,4,3,2,3.3,2.87,2.1,3.25
I1,08-02-2003,Udinese,Piacenza,2,1,H,1,0,H,1.615,3.25,5,1.65,3.25,5.4,1.5,3.4,5.6,1.57,3.25,5.5,1.62,3.2,5.5,1.6,3.25,5.5,1.57,3.3,5.5,1.85,1.75,L. Palanca,5,6,4,2,16,18,3,1,3,3,0,2,2.62,3,2.75,2.7,2.85,2.65,2.5,3,2.7,2.55,2.9,2.7,2.38,2.88,2.8,2.6,3,2.6,2.4,2.87,2.8,2.5
I1,09-02-2003,Bologna,Atalanta,2,3,A,0,1,A,1.727,3.1,4.5,1.8,3.15,4.35,1.75,2.9,4.6,1.73,3.2,4.33,1.67,3.1,5,1.7,3.1,5,1.72,3.1,4.5,1.8,1.8,M. Ciampi,16,15,11,7,19,22,4,10,1,4,0,0,1.72,3.2,5.5,1.7,3.2,5,1.7,3.2,5,1.7,3.1,4.8,1.62,3.25,5,1.67,3.3,5,1.66,3.1,5,1.62
I1,09-02-2003,Brescia,Chievo,0,0,D,0,0,D,2.25,3,2.875,2.3,2.95,3.05,2.3,2.8,2.9,2.2,3,3,2.38,3,2.75,2.375,3,2.75,2.4,2.9,2.75,1.7,1.9,A. Giannoccaro,8,9,3,5,17,24,1,2,2,4,1,0,2.05,3,4,2,3.1,3.65,2,3,3.75,2,2.9,3.7,1.91,3.2,3.5,2,3,3.75,1.9,2.87,4,1.91
I1,09-02-2003,Como,Parma,2,2,D,0,1,A,3.5,3.2,1.909,3.65,3.05,2,3.4,2.9,2,3.2,3,2.1,3.4,3.1,2,3.4,3.1,2,3.4,3,2,1.9,1.7,N. Stefanini,13,11,8,5,17,15,5,3,1,1,0,0,1.57,3.5,6.5,1.5,3.5,6.75,1.55,3.3,6.5,1.6,3.3,5.5,1.62,3.2,5.5,1.53,3.4,6.5,1.5,3.4,6,1.53
I1,09-02-2003,Inter,Reggina,3,0,H,3,0,H,1.286,4.5,8,1.3,4.75,9,1.25,4.5,9,1.25,4.5,10,1.29,4.5,8.5,1.286,4.5,9,1.28,4.5,8,1.55,2.15,P. Mazzoleni,20,9,9,6,15,21,5,3,1,2,0,0,1.18,6,15,1.21,5.2,13,1.18,5.2,16,1.22,4.8,11,1.14,5.5,15,1.22,5,15,1.16,5.5,12,1.12
I1,09-02-2003,Lazio,Torino,1,1,D,1,0,H,1.364,3.75,8,1.4,3.8,8,1.35,4,7,1.44,3.6,6.5,1.36,4,7.5,1.364,4,7.5,1.25,5,8,1.65,1.95,M. De Santis,9,6,6,3,19,20,4,7,1,1,1,0,2,3.1,4,2.05,2.9,3.75,1.9,2.95,4.25,1.85,3,4.2,1.91,3,3.75,1.91,3,4.2,1.95,3,3.6,1.83
I1,09-02-2003,Modena,Roma,1,1,D,1,0,H,3.4,3,2,3.5,3.05,2.05,3.4,2.9,2,3.2,3,2.1,3.25,3,2.1,3.25,3,2.1,3.2,3,2.1,1.8,1.8,M. Saccani,6,13,0,4,37,15,5,5,2,2,0,0,7,3.5,1.53,6.3,3.4,1.55,6,3.4,1.55,5,3.2,1.65,5.5,3.25,1.57,6.5,3.4,1.57,5.5,3.3,1.57,5.5
I1,09-02-2003,Perugia,Milan,1,0,H,1,0,H,3.5,3.2,1.909,3.5,3.15,2,3.2,2.9,2.1,3.5,3.2,1.91,3.6,3.2,1.91,3.6,3.2,1.909,3.4,3,2,1.75,1.85,S. Racalbuto,10,12,3,4,20,25,6,5,1,2,0,0,4.2,3.2,1.9,3.85,3.2,1.9,4,3.1,1.9,4,3,1.9,3.75,3.2,1.83,4.2,3.1,1.91,4,3,1.83,4
I1,15-02-2003,Chievo,Inter,2,1,H,2,0,H,3,3,2.2,3.15,3.05,2.25,2.8,2.9,2.3,,,,3,3,2.25,3,3,2.25,,,,1.65,1.95,E. Morganti,12,17,5,9,16,19,6,5,2,2,0,0,2.6,3.1,2.7,2.5,3,2.75,2.5,2.95,2.75,2.6,3,2.6,2.4,2.88,2.8,2.62,3,2.7,2.5,2.8,2.75,2.38
I1,15-02-2003,Roma,Brescia,0,0,D,0,0,D,1.667,3.1,5,1.65,3.3,5.5,1.6,3.2,5,,,,1.67,3.2,5,1.667,3.2,5,,,,1.7,1.9,N. Ayroldi,4,6,1,2,15,12,6,3,1,1,0,0,2.6,3,2.8,2.5,2.95,2.8,2.65,2.75,2.8,2.6,2.8,2.8,2.38,3,2.75,2.5,3,2.88,2.37,2.75,2.9,2.5
I1,16-02-2003,Atalanta,Udinese,0,0,D,0,0,D,2.2,3,3,2.3,3.05,3.05,2.2,2.8,3.1,,,,2.2,2.88,3.2,2.2,2.875,3.2,,,,1.75,1.85,C. Brighi,12,9,7,4,19,20,7,3,2,5,0,1,2.1,3,3.75,2.2,2.85,3.45,2.2,2.85,3.4,2,2.9,3.7,2,2.8,3.75,2.05,3,3.6,2.05,2.87,3.5,2
I1,16-02-2003,Empoli,Perugia,1,1,D,1,1,D,2.3,3,2.8,2.25,3.05,3.15,2.2,2.8,3.1,,,,2.38,2.88,2.88,2.25,2.875,3.1,,,,1.8,1.8,M. Trefoloni,12,8,4,3,18,28,6,3,2,3,0,0,1.8,3.2,4.75,1.75,3.2,4.65,1.8,3,5,1.75,3.1,4.5,1.67,3.2,5,1.75,3.25,4.5,1.7,3.2,4.5,1.83
I1,16-02-2003,Milan,Lazio,2,2,D,0,2,A,1.8,3.1,4,1.9,3.15,4.05,1.8,3,4,,,,1.8,3.2,4,1.8,3.2,4,,,,1.8,1.8,A. Dattilo,11,7,5,4,14,23,5,2,2,4,0,0,1.2,5.5,17,1.15,6,14.9,1.16,6,15,1.2,5,12,1.2,5,11,1.17,6,17,1.2,5,11,1.12
I1,16-02-2003,Parma,Juventus,1,2,A,0,2,A,2.875,3,2.25,3.05,3.05,2.4,2.8,2.9,2.3,,,,3,3,2.25,3,3,2.25,,,,1.75,1.85,D. Tombolini,22,3,13,0,16,23,7,2,0,2,0,0,1.16,6,19,1.13,6.5,17,1.14,6.5,16,1.15,5.7,14,1.14,5.5,15,1.14,6.5,19,1.12,6,15,1.1
I1,16-02-2003,Piacenza,Bologna,3,1,H,2,0,H,2.4,3,2.7,2.65,3,2.6,2.3,2.8,2.9,,,,2.5,3,2.6,2.5,3,2.6,,,,1.8,1.8,G. Paparesta,7,11,4,9,23,20,7,5,2,1,0,0,1.72,3.3,5,1.72,3.15,5,1.77,3,5,1.7,3.1,4.9,1.67,3.2,5,1.7,3.25,5,1.66,3.1,5,1.7
I1,16-02-2003,Reggina,Como,4,1,H,2,1,H,1.727,3.1,4.5,1.8,3.2,4.5,1.85,2.9,4,,,,1.73,3.1,4.5,1.75,3.1,4.5,,,,1.9,1.7,P. Dondarini,6,10,3,3,27,17,10,5,2,3,0,0,2.4,3,3,2.4,3,2.85,2.45,2.95,2.9,2.5,2.8,2.9,2.5,2.8,2.75,2.5,2.88,2.88,2.4,2.9,2.75,2.25
I1,16-02-2003,Torino,Modena,1,1,D,0,0,D,1.833,3.2,3.75,1.85,3.2,4,1.9,3,3.6,,,,1.83,3.25,3.75,2,3.1,3.5,,,,1.95,1.65,R. Rosetti,12,9,6,3,17,14,5,10,1,2,0,0,4,3,2,4,3.1,1.9,4,2.9,2,3.4,2.9,2.1,3.5,3,2,4,3.25,1.91,3.5,2.87,2.05,3.5
I1,22-02-2003,Como,Juventus,1,3,A,0,3,A,6,3.4,1.5,6,3.7,1.5,4.4,3.3,1.65,6,3.4,1.5,5.5,3.6,1.53,4.5,3.6,1.615,6,3.75,1.44,1.75,1.85,O. Pantana,6,13,4,7,16,15,2,3,3,2,0,0,1.61,3.4,6,1.6,3.45,5.5,1.6,3.4,5.75,1.5,3.6,6,1.62,3.1,5.5,1.53,3.5,6,1.6,3,6,1.57
I1,22-02-2003,Torino,Milan,0,3,A,0,2,A,4.5,3.1,1.727,4.5,3.25,1.75,4.2,3.2,1.7,4.5,2.88,1.8,4.33,3.25,1.73,4.333,3.2,1.75,4.33,3.2,1.72,1.7,1.9,A. Romeo,13,11,5,4,20,22,9,4,1,3,0,0,2.1,2.8,3.5,2.05,2.9,3.75,2.05,2.9,3.75,2,3.1,3.4,1.91,2.88,4,2.05,2.9,3.75,2,3,3.4,2
I1,23-02-2003,Bologna,Empoli,2,0,H,1,0,H,1.833,3,4,1.85,3.1,4.2,1.75,3,4.4,1.8,3.2,4,1.83,3.1,4,1.833,3.1,4,1.8,3,4.2,1.75,1.85,L. Palanca,3,10,1,4,22,23,2,10,4,2,0,0,5,3.2,1.66,5.85,3.3,1.6,6,3.1,1.63,4.9,3.3,1.65,6,3.4,1.5,6.5,3.6,1.53,5.5,3.1,1.6,6.5
I1,23-02-2003,Brescia,Reggina,2,1,H,0,0,D,1.909,3,3.75,1.95,3.1,3.75,1.85,2.9,4,1.8,3,4.33,2,3,3.5,2,3,3.5,1.9,2.87,4,1.85,1.75,S. Farina,17,6,10,3,23,23,3,5,1,2,0,0,2.4,2.9,2.8,2.65,2.85,2.7,2.5,3,2.7,2.5,3.1,2.6,2.2,3,3,2.5,3,2.7,2.4,2.9,2.75,2.38
I1,23-02-2003,Inter,Piacenza,3,1,H,0,0,D,1.25,4.5,10,1.28,4.7,9.1,1.25,4.3,10,1.25,4.5,10,1.25,4.5,10,1.25,4.5,10,1.22,5,9.5,1.65,1.95,P. Rodomonti,16,5,8,2,18,28,6,3,4,2,1,0,2.6,2.87,2.6,2.65,2.95,2.6,2.75,3,2.45,2.6,3.1,2.5,2.75,3,2.38,2.8,3.05,2.4,2.75,2.9,2.4,2.75
I1,23-02-2003,Lazio,Atalanta,0,0,D,0,0,D,1.571,3.25,5.5,1.65,3.2,5.45,1.6,3.4,4.6,1.57,3.25,5.5,1.62,3.2,5.5,1.615,3.2,5.5,1.57,3.3,5.5,1.75,1.85,T. Pieri,17,6,9,5,23,23,2,4,2,4,0,0,2.5,2.87,2.75,2.5,2.85,2.9,2.5,2.85,2.85,2.6,2.8,2.7,2.38,2.88,2.8,2.4,2.95,2.88,2.5,2.9,2.62,2.38
I1,23-02-2003,Modena,Chievo,1,0,H,0,0,D,2.625,2.875,2.5,2.6,3.1,2.55,2.7,2.8,2.5,2.6,2.8,2.6,2.6,3,2.5,2.6,3,2.5,2.75,2.9,2.4,1.85,1.75,G. Rocchi,11,5,5,2,17,14,9,4,1,2,0,0,1.16,5.5,13,1.18,5.75,13,1.15,6,15,1.17,5.4,13,1.14,6,12,1.14,7,17,1.16,5.5,12,1.12
I1,23-02-2003,Perugia,Parma,1,2,A,0,1,A,2.2,3,3,2.25,3.05,3.05,2.3,2.8,2.9,2.2,3,3,2.25,3,3,2.2,3,3,2.2,2.87,3.1,1.75,1.85,L. Banti,15,10,9,7,18,19,6,2,4,3,0,0,1.72,3.2,4.5,1.7,3.2,5.1,1.72,3.2,4.75,1.75,3.2,4.3,1.8,3,4.33,1.67,3.2,5.2,1.72,3.2,4.33,1.62
I1,23-02-2003,Udinese,Roma,2,1,H,1,0,H,2.25,3,2.875,2.4,3.05,2.8,2.4,2.8,2.8,2.2,3,3,2.25,3,3,2.25,2.9,3,2.3,3,2.8,1.9,1.7,P. Tagliavento,13,10,7,4,29,13,8,4,2,4,0,0,1.44,3.6,7,1.5,3.5,6.9,1.5,3.5,6.5,1.5,3.6,6,1.53,3.25,6,1.44,3.6,7.5,1.44,3.5,7,1.44
I1,01-03-2003,Brescia,Bologna,0,0,D,0,0,D,2.1,3,3.2,2.15,2.9,3.4,2.1,2.7,3.5,2.1,2.75,3.5,2.1,3,3.25,2.1,3,3.25,2.1,2.8,3.4,1.85,1.75,D. Messina,10,6,8,3,28,24,4,5,2,3,0,0,2.37,2.87,2.87,2.5,2.85,2.9,2.45,2.9,2.85,2.4,2.9,2.9,2.4,2.88,2.8,2.5,2.88,2.88,2.37,3,2.7,2.38
I1,01-03-2003,Parma,Modena,1,1,D,1,1,D,1.533,3.4,5.5,1.6,3.4,5.5,1.5,3.4,5.6,1.5,3.4,6,1.57,3.4,5.5,1.571,3.4,5.5,1.53,3.4,5.5,1.8,1.8,M. Gabriele,11,11,5,6,19,22,2,4,2,3,0,0,7,3.2,1.4,7.5,3.7,1.44,7.5,3.85,1.4,7,3.6,1.45,7,3.75,1.4,9,4.2,1.36,8,3.75,1.36,8
I1,02-03-2003,Chievo,Torino,3,2,H,1,2,A,1.4,3.75,7,1.4,4,7.5,1.4,3.7,6.5,1.4,3.75,7,1.44,3.6,7,1.444,3.6,7,1.4,3.75,7,1.8,1.8,T. Pieri,13,9,9,5,23,15,8,11,3,2,0,0,1.36,4.33,9,1.35,4.25,8.15,1.35,4.25,8,1.4,3.7,7.5,1.29,4.33,9,1.33,4.33,10,1.28,4.5,8,1.29
I1,02-03-2003,Juventus,Inter,3,0,H,2,0,H,2.1,2.8,3.4,2.1,2.9,3.6,1.9,3,3.6,2.1,3,3.2,2.1,2.9,3.4,2.1,2.9,3.4,2.1,2.87,3.3,1.85,1.75,M. Mazzoleni,8,7,4,6,15,28,6,5,3,3,2,0,1.61,3.4,6,1.63,3.25,5.7,1.57,3.35,6,1.6,3.4,5.2,1.62,3.2,5.5,1.57,3.6,6,1.5,3.3,6.5,1.57
I1,02-03-2003,Milan,Atalanta,3,3,D,1,3,A,1.3,4.333,8,1.35,4.2,8.5,1.35,3.8,7.5,1.36,3.75,8,1.33,4,8.5,1.333,4,8.5,1.33,4,8,1.75,1.85,D. Messina,10,13,5,4,28,21,4,9,3,3,1,0,1.83,3.1,4.75,1.8,3.1,4.6,1.83,3.1,4.33,1.85,3,4.2,1.83,3,4,1.85,3.1,4.2,1.83,3,4,1.73
I1,02-03-2003,Perugia,Lazio,2,2,D,2,1,H,2.5,3.1,2.5,2.55,3.05,2.6,2.8,2.9,2.3,2.5,3.2,2.5,2.6,3,2.5,2.6,3,2.5,2.6,3.1,2.4,1.8,1.8,G. Paparesta,22,5,11,3,24,22,9,2,1,2,0,0,1.44,4,7.5,1.47,3.5,7.5,1.45,3.7,7,1.45,3.6,7,1.36,3.75,8,1.44,4,7.5,1.36,4,7,1.4
I1,02-03-2003,Piacenza,Como,0,1,A,0,1,A,1.571,3.5,5,1.6,3.5,5.25,1.6,3.2,5,1.57,3.25,5.5,1.62,3.4,5,1.615,3.4,5,1.61,3.3,5,1.85,1.75,A. De Marco,14,0,6,0,24,17,14,0,1,2,0,0,1.14,6.5,21,1.12,6.9,17,1.12,6.5,19,1.12,6,16,1.11,6.5,15,1.12,7,21,1.1,6.5,17,1.08
I1,02-03-2003,Reggina,Udinese,3,2,H,2,2,D,2.25,3,2.875,2.25,3,3.1,2.3,2.8,2.9,2.25,3,2.88,2.25,3,3,2.25,3,3,2.2,3,3,1.85,1.75,N. Rizzoli,10,5,3,1,23,28,5,5,2,0,0,2,1.57,3.4,7,1.57,3.25,6.5,1.55,3.3,6.5,1.55,3.4,5.8,1.5,3.25,6.5,1.5,3.4,7,1.5,3.3,6.5,1.5
I1,02-03-2003,Roma,Empoli,3,1,H,1,1,D,1.444,3.6,6.5,1.45,3.7,7,1.4,3.7,6.5,1.5,3.4,6,1.5,3.5,6,1.5,3.5,6,1.5,3.4,6,1.75,1.85,M. De Santis,10,10,6,5,21,25,1,11,4,3,1,1,2.5,2.87,3,2.5,2.8,2.9,2.5,2.85,2.85,2.4,2.8,3,2.38,3,2.75,2.6,2.88,2.7,2.5,2.9,2.62,2.38
I1,08-03-2003,Bologna,Inter,1,2,A,1,1,D,2.8,2.875,2.375,2.95,3.05,2.3,2.7,2.9,2.4,3,2.88,2.25,3,3,2.25,3,3,2.25,3,2.87,2.25,1.8,1.9,R. Rosetti,8,7,5,2,21,20,8,5,1,2,0,0,2.75,2.87,2.75,2.75,2.85,2.6,2.75,2.85,2.6,2.8,2.8,2.6,2.62,2.88,2.5,2.7,2.88,2.6,2.5,2.9,2.62,2.38
I1,08-03-2003,Roma,Lazio,1,1,D,0,1,A,2.375,2.875,2.8,2.5,2.95,2.75,2.5,2.8,2.7,2.5,2.88,2.62,2.5,3,2.6,2.5,3,2.6,2.6,2.8,2.6,1.8,1.9,E. Morganti,8,17,3,10,21,22,2,10,3,1,0,0,7,3.4,1.57,6.05,3.25,1.6,6,3.35,1.57,5.2,3.4,1.6,5.5,3.25,1.57,7,3.25,1.53,5,3.3,1.61,6
I1,09-03-2003,Atalanta,Parma,0,0,D,0,0,D,2.25,3,2.875,2.38,3,2.85,2.5,2.7,2.8,2.25,2.88,3,2.25,3,3,2.25,3,3,2.25,2.87,3,1.8,1.9,N. Ayroldi,8,10,3,7,16,21,4,4,2,1,1,0,2.75,2.87,2.75,2.75,2.9,2.55,2.75,2.85,2.6,2.6,2.9,2.7,2.6,3.1,2.4,2.7,2.88,2.6,2.6,2.8,2.6,2.62
I1,09-03-2003,Como,Brescia,1,1,D,0,0,D,2.4,3,2.7,2.58,3,2.6,2.7,2.9,2.4,2.62,2.88,2.5,2.6,3,2.5,2.6,3,2.5,2.62,2.9,2.5,1.95,1.75,M. De Santis,20,14,8,8,27,14,5,4,3,3,0,0,1.36,3.75,9,1.35,4.05,8.95,1.35,4,9,1.35,4,8,1.33,3.75,9,1.36,4.2,9,1.3,4.33,8,1.29
I1,09-03-2003,Empoli,Piacenza,3,1,H,0,0,D,1.909,3.2,3.5,2.1,2.9,3.55,2,2.9,3.4,1.91,3,3.75,1.91,3.2,3.6,1.909,3.2,3.6,1.83,3.2,3.75,1.85,1.85,P. Dondarini,12,7,5,4,14,21,11,1,1,4,0,0,1.66,3.2,5,1.65,3.25,5.5,1.65,3.25,5.25,1.7,3.2,4.7,1.67,2.88,5.5,1.65,3.25,6,1.72,3.1,4.5,1.67
I1,09-03-2003,Milan,Chievo,0,0,D,0,0,D,1.533,3.4,5.5,1.5,3.65,6.25,1.5,3.5,5.4,1.5,3.4,6,1.53,3.4,6,1.533,3.4,6,1.53,3.4,5.5,1.7,2,S. Racalbuto,9,8,4,6,24,27,0,3,2,1,0,0,7,3.6,1.44,8.15,3.75,1.41,7.5,3.6,1.45,6.3,3.5,1.5,7,3.75,1.4,8,3.75,1.44,7,3.5,1.44,8.5
I1,09-03-2003,Modena,Perugia,1,1,D,1,1,D,2.2,3,3,2.28,2.95,3.1,2.2,2.8,3.1,2.2,2.8,3.2,2.2,3,3.1,2.2,3,3.1,2.1,2.87,3.3,2.05,1.65,N. Stefanini,13,8,7,5,19,20,4,5,0,4,0,0,1.72,3,5,1.75,2.95,5.4,1.7,3.15,5,1.7,3.2,4.7,1.73,2.88,5,1.75,3.2,4.6,1.72,3,4.8,1.67
I1,09-03-2003,Torino,Reggina,1,0,H,1,0,H,3,3,2.2,3.2,3.15,2.1,2.8,2.9,2.3,2.88,3,2.25,2.88,3.1,2.25,2.875,3.1,2.25,3,3,2.2,1.9,1.8,P. Rodomonti,14,5,8,4,24,24,5,2,2,3,0,0,2.1,3,3.25,2.2,3,3.25,2.1,3,3.4,2.2,2.9,3.2,2.25,2.88,3,2.2,3,3.2,2.1,3,3.2,2.1
I1,09-03-2003,Udinese,Juventus,0,1,A,0,0,D,3.2,3,2.1,3.15,3.2,2.12,3,2.9,2.2,3.2,3,2.1,3.2,3.1,2.1,3.2,3.1,2.1,3.4,2.8,2.1,1.75,1.95,M. Trefoloni,7,13,3,6,25,18,1,6,2,3,1,0,7,3.75,1.4,8.4,4.15,1.35,8,3.8,1.4,7,3.6,1.45,7,3.75,1.4,8.5,4,1.4,8,3.5,1.4,8.5
I1,15-03-2003,Juventus,Modena,3,0,H,0,0,D,1.22,5,9,1.25,5,10,1.25,4.5,9,1.25,4.5,10,1.22,5,10,1.22,5,10,1.22,5,9.5,1.65,1.95,D. Tombolini,11,9,8,5,14,18,9,4,5,2,0,0,2,3,3.5,1.95,2.95,4.1,2,2.9,3.9,2,2.9,3.7,2.1,3,3.2,2,2.88,4,2,2.8,3.75,1.91
I1,15-03-2003,Reggina,Milan,0,0,D,0,0,D,3.5,3.2,1.9,4,3.15,1.88,3.6,3,1.9,3.4,3,2,3.6,3.2,1.91,3.6,3.2,1.91,3.6,2.87,2,1.7,1.9,D. Messina,17,5,10,2,11,13,4,6,0,2,0,0,1.61,3.4,5,1.65,3.3,5.35,1.65,3.3,5.25,1.6,3.4,5.2,1.67,3.2,5,1.62,3.3,5.5,1.66,3.1,5,1.62
I1,16-03-2003,Bologna,Udinese,1,0,H,1,0,H,2.1,2.8,3.4,2.15,2.95,3.35,2.2,2.8,3.1,2.1,3,3.2,2.1,3,3.25,2.1,3,3.25,1.9,2.87,4,1.8,1.8,P. Tagliavento,11,4,7,2,30,23,10,5,1,3,0,0,2.6,2.87,2.6,2.7,2.9,2.6,2.8,2.9,2.5,2.8,2.8,2.6,2.75,3,2.38,2.75,3,2.5,2.75,2.9,2.4,2.75
I1,16-03-2003,Brescia,Torino,1,0,H,0,0,D,1.72,3.1,4.5,1.68,3.2,5.15,1.7,3.1,4.4,1.67,3.25,4.5,1.67,3.2,5,1.67,3.2,5,1.61,3.1,5.5,1.8,1.8,M. Saccani,5,10,3,2,23,19,5,5,5,2,0,0,2.87,3,2.3,3.05,2.95,2.3,2.9,2.9,2.4,2.8,2.9,2.5,2.8,2.88,2.38,3.2,3,2.3,3.1,2.87,2.2,3
I1,16-03-2003,Chievo,Parma,0,4,A,0,1,A,2.1,3,3.2,2.22,2.95,3.2,2.2,2.8,3.1,2,3,3.4,2.1,3,3.25,2.1,3,3.25,2.1,3,3.2,1.8,1.8,M. Trefoloni,7,19,4,10,29,14,5,7,5,2,0,0,3.6,3.1,2.1,3.4,3.05,2.1,3.5,2.95,2.1,3.1,3,2.2,3.2,3,2.1,3.5,3.1,2.1,3.5,2.87,2.05,3.4
I1,16-03-2003,Inter,Como,4,0,H,2,0,H,1.22,5,9,1.23,5,11,1.25,4.5,9,1.2,5,11,1.2,5,12,1.2,5,12,1.25,4.5,10,1.6,2.05,T. Pieri,10,7,6,5,16,27,11,4,4,0,0,0,1.9,3,4.5,1.9,2.95,4.35,1.9,2.9,4.3,1.9,2.9,4.1,1.91,3,3.75,1.85,3.1,4.6,1.83,3,4,1.83
I1,16-03-2003,Lazio,Empoli,4,1,H,2,1,H,1.53,3.25,6,1.5,3.5,6.65,1.45,3.6,5.8,1.4,3.75,7,1.44,3.6,7,1.44,3.6,7,1.5,3.3,6.5,1.65,1.95,G. Paparesta,9,8,7,3,14,21,6,6,4,1,0,0,1.8,3.2,4.75,1.78,3.15,4.6,1.8,3.1,4.5,1.8,3,4.4,1.73,3.1,4.5,1.8,3.1,4.5,1.8,3,4.2,1.75
I1,16-03-2003,Perugia,Roma,1,0,H,0,0,D,2.4,3,2.7,2.55,2.9,2.75,2.5,2.7,2.8,2.5,2.8,2.75,2.5,3,2.6,2.5,3,2.6,2.5,2.9,2.62,1.8,1.8,N. Rizzoli,14,6,9,1,25,24,3,3,1,3,0,0,1.3,4.5,12,1.29,4.5,10,1.3,4.5,9,1.3,4.4,8.5,1.25,4.5,10,1.28,4.33,11,1.22,5,9.5,1.25
I1,16-03-2003,Piacenza,Atalanta,2,0,H,1,0,H,2.37,3.1,2.62,2.5,2.95,2.75,2.5,2.8,2.7,2.5,2.88,2.62,2.5,3,2.6,2.5,3,2.6,2.5,2.9,2.62,1.75,1.85,S. Racalbuto,21,0,11,0,16,24,6,5,2,1,0,0,1.33,4.33,10,1.34,4.2,8.75,1.35,4,9,1.35,4,8,1.29,4.33,9,1.33,4.4,9.5,1.25,4.5,10,1.33
I1,22-03-2003,Milan,Juventus,2,1,H,2,1,H,2.375,2.875,2.8,2.45,2.9,2.85,2.4,2.8,2.8,2.38,2.88,2.8,2.38,2.88,2.88,2.375,2.875,2.875,2.37,2.8,2.9,1.8,1.8,A. Dattilo,17,2,8,1,18,17,12,5,1,3,0,1,1.25,5,13,1.2,5.55,11.5,1.23,5,12,1.22,4.8,11,1.2,5,11,1.22,5.5,12,1.2,5,11,1.2
I1,22-03-2003,Modena,Reggina,2,1,H,0,0,D,2.1,3,3.2,2.12,3,3.35,1.9,2.9,3.8,1.91,2.88,4,2,3,3.5,2,3,3.5,1.9,2.87,4,1.9,1.7,M. Saccani,8,13,2,7,18,27,4,9,1,1,0,0,3.6,3.1,2.1,3.35,3.1,2.1,3.5,3,2.1,3.3,3,2.1,3.2,3,2.1,3.4,3.1,2.15,3.4,3,2,3.4
I1,23-03-2003,Atalanta,Chievo,1,0,H,0,0,D,2.2,3,3,1.95,3.1,3.6,2.1,2.8,3.3,2.1,3,3.2,2,3,3.5,2.1,3,3.2,2,3,3.4,1.8,1.8,R. Rosetti,8,7,5,3,17,18,4,3,5,1,0,1,1.83,3,5,1.8,3,4.75,1.8,3.1,4.5,1.8,2.9,4.6,1.73,3.1,4.5,1.8,3.1,4.5,1.72,3.1,4.5,1.7
I1,23-03-2003,Como,Bologna,5,1,H,1,0,H,2.7,3,2.375,2.95,2.95,2.35,2.6,2.8,2.6,2.75,2.75,2.5,2.88,3,2.3,2.75,3,2.4,2.8,2.87,2.4,1.95,1.65,D. Messina,5,8,2,4,1,2,2,7,2,4,0,0,2.5,2.87,3,2.45,2.8,3,2.4,2.85,3,2.4,2.9,2.9,2.25,2.88,3,2.38,2.88,3,2.25,3,2.87,2.4
I1,23-03-2003,Empoli,Brescia,0,0,D,0,0,D,2.3,2.9,2.9,2.35,2.85,3.1,2.4,2.6,3,2.38,2.75,3,2.3,2.88,3,2.3,2.875,3,2.37,2.7,3,1.9,1.7,P. Bertini,10,11,4,5,20,37,4,6,2,2,0,0,1.44,4,7.5,1.42,3.8,7.65,1.44,3.6,8,1.45,3.6,7,1.4,3.75,7,1.4,3.8,8,1.4,3.6,7.5,1.44
I1,23-03-2003,Parma,Lazio,2,1,H,1,0,H,2.4,2.9,2.75,2.55,2.9,2.75,2.5,2.7,2.8,2.38,2.8,2.88,2.5,2.88,2.75,2.5,2.875,2.75,2.5,2.9,2.62,1.7,1.9,S. Farina,8,3,6,1,15,18,6,0,0,1,0,0,2.4,2.87,3.2,2.37,2.8,3.15,2.4,2.85,3,2.55,2.85,2.8,2.2,3,3,2.38,2.88,3,2.37,2.9,2.8,2.38
I1,23-03-2003,Roma,Piacenza,3,0,H,3,0,H,1.4,3.75,7,1.41,4,7,1.4,3.7,6.5,1.4,3.75,7,1.4,3.75,7.5,1.4,3.75,7.5,1.36,3.75,8,1.65,1.95,E. Morganti,13,8,6,5,25,18,5,7,1,4,0,1,2.3,3,3.25,2.35,2.85,3.1,2.2,3,3.2,2.3,2.8,3.1,2.1,3,3.2,2.2,3,3.2,2.1,3,3.2,2.1
I1,23-03-2003,Torino,Perugia,2,1,H,0,1,A,3,3,2.2,3.05,3.1,2.2,3.4,2.9,2,2.88,3,2.25,3.2,3.1,2.1,3.2,3.1,2.1,3,3,2.2,1.9,1.7,M. Trefoloni,9,10,5,4,22,20,4,7,2,2,0,0,3,3,2.4,3,2.95,2.35,2.95,2.95,2.35,2.9,2.8,2.5,2.8,2.88,2.38,3,3,2.4,2.75,2.9,2.4,2.75
I1,23-03-2003,Udinese,Inter,2,1,H,0,0,D,3,3,2.2,3.25,3.15,2.1,2.9,2.8,2.3,3.2,3,2.1,3.1,3,2.2,3.1,3,2.2,3.3,2.87,2.1,1.7,1.9,L. Palanca,12,5,5,2,48,20,10,0,0,2,0,0,1.16,6.5,15,1.15,6.5,13.75,1.17,6,13,1.2,5,12,1.14,6,12,1.17,6.5,15,1.14,6,12,1.1
I1,05-04-2003,Juventus,Torino,2,0,H,1,0,H,1.3,4.333,8,1.35,4.15,8,1.4,3.7,6.5,1.4,3.75,7,1.36,3.75,8.5,1.364,3.75,8.5,1.33,4,8,1.75,1.95,M. Bergonzi,13,10,5,5,28,22,3,1,2,2,1,0,2.1,3,3.75,2.1,3.05,3.4,2.15,2.9,3.4,2.2,2.9,3.2,2.2,3,3,2.2,2.88,3.4,2.2,2.87,3.1,2.1
I1,05-04-2003,Parma,Milan,1,0,H,0,0,D,2.5,3.1,2.5,2.7,3,2.5,2.6,2.8,2.6,2.625,2.875,2.5,2.6,3,2.5,2.6,3,2.5,2.62,2.9,2.5,1.85,1.85,A. Giannoccaro,10,5,6,2,15,20,0,7,0,0,0,0,2.1,3,3.75,2.05,2.9,3.75,2.15,2.9,3.5,2.1,2.7,3.7,2.1,3,3.2,2.2,2.88,3.4,2.15,2.9,3.2,2
I1,06-04-2003,Brescia,Atalanta,3,0,H,2,0,H,2,2.75,3.8,2.2,2.63,3.75,2.3,2.4,3.4,2.1,2.625,3.75,2.1,2.75,3.6,2.1,2.625,3.75,2.1,2.6,3.8,2.15,1.65,N. Stefanini,15,3,11,2,13,15,6,2,0,2,0,0,1.16,6,19,1.17,5.7,14.5,1.15,6,15,1.17,5.4,13,1.14,6,12,1.15,6,15,1.11,6.5,15,1.14
I1,06-04-2003,Chievo,Udinese,3,0,H,2,0,H,2,3,3.4,2.08,2.9,3.55,2,3,3.3,2,3,3.4,2,3,3.5,2,3,3.5,1.9,3,3.75,1.95,1.75,G. Rocchi,8,8,5,2,26,14,2,5,3,2,0,1,2.2,2.87,3.6,2.15,2.9,3.45,2.25,2.9,3.2,2.3,2.8,3.1,2.25,2.88,3,2.25,2.9,3.2,2.3,2.9,2.9,2
I1,06-04-2003,Inter,Roma,3,3,D,0,0,D,1.8,3.1,4,1.85,3.1,4.1,1.65,3.2,4.6,1.8,3.2,4,1.8,3.2,4,1.8,3.2,4,1.66,3.3,4.5,1.85,1.85,O. Girardi,19,6,12,5,24,21,7,1,2,3,1,1,1.4,4.33,7.5,1.35,4.1,8.75,1.37,4,8,1.37,3.8,8,1.4,3.75,7,1.36,4,8.5,1.33,4,8,1.33
I1,06-04-2003,Lazio,Como,3,0,H,2,0,H,1.364,4,7,1.3,4.5,9,1.35,4,7,1.3,4,9,1.33,4,8.5,1.333,4,8.5,1.28,4.5,8,1.75,1.95,P. Mazzoleni,14,7,3,4,18,21,5,4,0,3,0,0,1.72,3.1,5.5,1.7,3.15,5.2,1.77,3,5,1.85,3,4.2,1.73,2.88,5,1.75,3.1,4.75,1.8,2.9,4.5,1.7
I1,06-04-2003,Perugia,Bologna,1,1,D,1,0,H,2,2.875,3.6,1.98,2.9,3.9,1.9,2.7,4.2,1.909,2.875,4,1.91,2.9,4,1.909,2.9,4,1.9,2.75,4.2,2,1.7,A. De Marco,9,8,3,4,20,28,4,4,1,2,0,0,1.9,3,4.5,1.91,3,4.15,1.85,3,4.4,1.9,2.9,4.1,1.8,2.88,4.5,1.91,3.1,4.2,1.83,3,4,1.7
I1,06-04-2003,Piacenza,Modena,3,3,D,1,2,A,2.25,3,2.875,2.3,2.9,3,2.2,2.9,3,2.2,3,3,2.25,2.9,3.1,2.25,2.9,3.1,2.3,2.9,2.9,2,1.7,T. Pieri,14,14,9,7,20,17,5,4,0,2,0,0,3,2.87,2.5,3,2.85,2.4,2.9,2.95,2.4,2.65,2.8,2.65,2.75,3,2.38,3,3,2.4,2.62,2.9,2.5,2.75
I1,06-04-2003,Reggina,Empoli,1,0,H,0,0,D,1.833,3,4,1.7,3.15,5,1.75,3,4.4,1.8,3.2,4,1.83,3,4.33,1.85,3,4.2,1.8,3.1,4,1.75,1.95,G. Rocchi,5,11,2,7,17,21,4,4,3,2,0,1,1.61,3.4,6,1.65,3.25,5.4,1.65,3.2,5.5,1.7,3.2,4.7,1.62,3.25,5,1.67,3.1,5.5,1.66,3.1,5,1.62
I1,12-04-2003,Como,Perugia,1,1,D,1,0,H,2.625,2.875,2.5,2.65,2.9,2.55,2.5,3,2.5,2.5,2.875,2.625,2.7,2.88,2.5,2.7,2.875,2.5,2.62,2.9,2.5,1.9,1.8,S. Farina,7,8,3,3,25,26,4,3,3,2,0,1,2.87,2.87,2.6,2.75,2.8,2.65,2.65,2.9,2.65,2.65,2.8,2.65,2.5,2.88,2.62,2.7,2.88,2.6,2.6,2.8,2.6,2.5
I1,12-04-2003,Inter,Milan,0,1,A,0,0,D,2.5,2.875,2.625,2.6,2.9,2.65,2.6,2.8,2.6,2.625,2.75,2.625,2.6,2.88,2.6,2.6,2.875,2.6,2.6,2.8,2.6,1.85,1.85,G. Paparesta,12,7,7,4,27,27,10,4,2,3,0,0,2.5,2.75,3.2,2.45,2.9,2.9,2.55,2.85,2.8,2.6,2.8,2.8,2.5,2.8,2.75,2.5,2.88,3,2.4,2.87,2.8,2.5
I1,13-04-2003,Atalanta,Reggina,1,1,D,1,0,H,1.833,3,4,1.9,3,4,1.8,2.9,4.2,1.8,3,4.333,1.91,3.1,3.75,1.9,3.1,3.75,1.9,3,3.75,2.05,1.7,M. De Santis,7,12,3,2,21,21,5,5,1,2,0,1,2.87,3,2.5,2.8,2.85,2.55,2.75,2.85,2.55,2.65,2.8,2.65,2.5,2.75,2.8,2.8,2.9,2.62,2.62,2.9,2.5,2.6
I1,13-04-2003,Bologna,Juventus,2,2,D,1,0,H,3.75,3,1.909,3.4,3.1,2,3.5,2.7,2.1,3.75,3.2,1.833,3.75,3.1,1.91,3.75,3.1,1.909,4,2.87,1.9,1.95,1.75,M. Saccani,5,10,2,7,25,35,2,3,2,4,0,0,1.9,3,4.5,1.85,3,4.45,1.9,3,4.2,1.9,2.8,4.3,1.83,2.88,4.33,1.91,3,4.2,1.9,3,3.75,1.8
I1,13-04-2003,Empoli,Chievo,2,1,H,1,1,D,2.375,3.1,2.625,2.4,3,2.8,2.3,2.9,2.8,2.375,3,2.75,2.38,3,2.75,2.4,3,2.75,2.4,2.87,2.8,1.9,1.8,D. Tombolini,8,13,4,7,12,22,7,2,2,3,0,0,6,3.2,1.66,5.7,3.15,1.65,5.5,3.2,1.65,4.7,3.2,1.7,5,3.1,1.67,5.5,3.3,1.67,4.5,3.1,1.72,5.25
I1,13-04-2003,Modena,Lazio,0,0,D,0,0,D,2.875,3,2.25,3,2.9,2.3,3,2.9,2.2,3,3,2.2,3.1,3,2.2,3.1,3,2.2,3.1,2.87,2.2,1.85,1.85,P. Tagliavento,23,18,11,8,27,30,6,4,3,2,0,1,1.72,3.1,5.5,1.72,3,5.5,1.7,3.1,5.25,1.75,3,4.5,1.73,2.88,5,1.7,3.2,5,1.7,3,5,1.57
I1,13-04-2003,Roma,Parma,2,1,H,1,1,D,1.909,3,3.75,1.92,3.15,3.75,2.1,2.8,3.3,1.833,3,4,2,3,3.5,2,3,3.5,1.9,3,3.75,1.75,1.95,N. Ayroldi,14,14,6,6,31,13,6,2,5,2,0,0,3.75,3,2.1,3.75,2.9,2.05,3.75,3,2,3.6,3,2,3.5,3.2,1.91,4,3.1,1.91,3.75,3,1.9,4
I1,13-04-2003,Torino,Piacenza,1,3,A,0,0,D,2.625,2.875,2.5,2.65,3,2.45,2.5,3,2.5,2.2,3.2,2.8,2.5,3,2.6,2.5,3,2.5,2.5,2.9,2.62,1.85,1.85,P. Bertini,6,10,2,3,16,16,4,6,1,3,0,0,4,3.2,1.9,4,3.1,1.9,3.8,3,2,3.7,2.9,2,3.75,3,1.91,3.75,3.1,1.95,3.6,3,1.95,3.5
I1,13-04-2003,Udinese,Brescia,0,0,D,0,0,D,1.909,3,3.75,1.95,2.9,3.9,2,2.8,3.6,1.909,2.75,4.333,1.91,3.1,3.75,1.909,3,3.75,1.9,2.87,4,1.95,1.75,S. Farina,10,13,5,6,34,25,7,2,2,3,0,1,7,3.4,1.57,7,3.25,1.55,7,3.25,1.55,5.2,3.4,1.6,7,3.2,1.5,7,3.65,1.5,5.5,3.5,1.53,7
I1,19-04-2003,Brescia,Inter,0,1,A,0,0,D,3,2.875,2.25,3.1,2.95,2.25,2.9,2.8,2.3,2.875,2.8,2.375,3,2.88,2.3,3,2.875,2.3,3.1,2.8,2.25,1.85,1.75,E. Morganti,10,2,5,0,20,18,11,6,0,3,0,0,1.22,5.5,13,1.18,5.5,15,1.2,5.5,13,1.22,4.8,11,1.17,5.5,12,1.22,5.5,12,1.2,5,11,1.14
I1,19-04-2003,Chievo,Reggina,2,1,H,1,1,D,1.667,3.1,5,1.68,3.25,5,1.7,3,4.6,1.667,3.25,4.5,1.67,3.2,5,1.667,3.2,5,1.61,3.3,5,1.8,1.8,C. Brighi,4,12,2,1,15,20,7,5,2,4,0,0,2.2,2.87,3.6,2.25,2.8,3.35,2.2,2.85,3.4,2.2,2.9,3.2,2,3,3.5,2.2,2.75,3.5,2.05,2.9,3.4,2
I1,19-04-2003,Juventus,Roma,2,1,H,2,1,H,1.727,3.1,4.5,1.78,3.1,4.5,1.8,3.1,3.8,1.727,3.2,4.333,1.73,3.2,4.5,1.727,3.2,4.5,1.72,3.1,4.5,1.8,1.8,P. Tagliavento,18,6,7,3,18,27,5,2,1,1,0,0,1.66,3.2,6,1.63,3.2,5.75,1.67,3.2,5.5,1.7,3.2,4.7,1.57,3.1,6,1.62,3.4,5.75,1.57,3.3,5.5,1.57
I1,19-04-2003,Lazio,Piacenza,2,1,H,0,1,A,1.286,4.5,8,1.31,4.4,8.6,1.3,4,8.5,1.3,4,9,1.3,4.33,8.5,1.3,4.333,8.5,1.28,4.5,8,1.65,1.95,A. De Marco,8,10,3,3,30,27,2,4,5,3,0,0,2.37,3,3.1,2.35,3,2.95,2.35,2.9,3,2.4,2.9,2.9,2.38,3,2.75,2.4,2.8,3.05,2.3,2.9,2.9,2.1
I1,19-04-2003,Milan,Empoli,0,1,A,0,1,A,1.25,4.5,10,1.28,4.6,9.2,1.3,4,8.5,1.25,4.5,10,1.25,4.6,10,1.25,4.6,10,1.25,4.5,10,1.6,2.05,D. Messina,10,6,6,3,15,19,6,5,1,3,0,0,1.33,4.5,9.5,1.33,4.25,9,1.33,4.25,9,1.3,4.4,8.5,1.25,4.5,10,1.3,4.5,9,1.25,4.5,10,1.25
I1,19-04-2003,Modena,Bologna,3,2,H,1,1,D,2.2,2.625,3.4,2.22,2.7,3.52,2.2,2.6,3.3,2.25,2.75,3.2,2.25,2.7,3.3,2.25,2.7,3.3,2.2,2.7,3.3,2.05,1.6,G. Rocchi,8,15,4,8,25,23,4,2,2,3,1,0,1.66,3.2,6,1.65,3.1,6,1.65,3.1,6,1.65,3.3,4.9,1.62,3,6,1.53,3.5,6,1.57,3.3,5.5,1.53
I1,19-04-2003,Parma,Torino,1,0,H,0,0,D,1.222,5,9,1.25,5,9.5,1.2,5,10,1.25,4.5,10,1.22,5,10,1.222,5,10,1.2,5,11,1.6,2.05,A. Romeo,13,6,5,3,18,26,10,1,3,2,0,0,2.6,2.87,2.87,2.45,3,2.8,2.5,2.8,2.9,2.5,2.8,2.9,2.5,2.8,2.75,2.4,3.05,2.8,2.5,2.9,2.62,2.38
I1,19-04-2003,Perugia,Atalanta,1,0,H,0,0,D,1.909,2.875,4,2.02,2.7,3.9,2,2.6,3.9,1.909,3,3.75,2,2.88,3.75,2,2.875,3.75,1.9,2.87,4,1.9,1.7,P. Rodomonti,13,10,5,3,12,12,6,2,2,4,1,0,1.83,3.1,4.75,1.88,2.9,4.5,1.85,3.05,4.33,1.9,2.9,4.1,1.8,3.2,4,1.85,3.2,4,1.9,2.87,4,1.83
I1,19-04-2003,Udinese,Como,3,2,H,1,0,H,1.333,4.333,7,1.35,4.2,8,1.35,4,7,1.364,3.75,8,1.36,4,7.5,1.364,4,7.5,1.33,4.2,7.5,1.7,1.9,G. Paparesta,11,14,7,6,30,24,4,7,4,0,0,0,3,2.87,2.5,3.05,2.9,2.35,3,2.9,2.35,3,2.8,2.4,2.8,2.88,2.38,3.1,2.9,2.4,2.8,2.9,2.37,2.88
I1,26-04-2003,Atalanta,Torino,2,2,D,0,1,A,,,,1.25,4.65,9.6,1.3,4,8.5,,,,1.29,4.5,8.5,1.3,4,9,1.3,4.33,8,,,N. Rizzoli,12,7,7,5,22,17,9,7,4,3,0,0,2.5,2.87,3,2.4,2.8,3.1,2.4,2.8,3,2.4,2.7,3.1,2.38,2.88,2.8,2.5,2.88,3,2.5,2.75,2.8,2.38
I1,26-04-2003,Roma,Milan,2,1,H,0,0,D,2.3,3,2.8,2.37,2.95,2.85,2.3,2.8,2.9,2.25,3,2.875,2.38,3,2.75,2.375,3,2.75,2.3,2.9,2.9,1.85,1.75,M. De Santis,15,11,7,4,14,25,8,2,1,3,0,0,2.1,2.8,4,2.2,2.7,3.65,2.2,2.8,3.4,2.1,2.8,3.5,2,2.8,3.75,2.2,2.8,3.5,2.05,2.7,3.75,2.1
I1,27-04-2003,Bologna,Chievo,1,1,D,1,0,H,2.2,2.8,3.2,2.22,2.75,3.4,2.2,2.6,3.3,2.2,3,3,2,3,3.5,2.1,2.8,3.4,2.2,2.8,3.2,1.85,1.75,S. Farina,5,9,2,3,19,25,6,7,4,2,1,0,2.4,2.87,3.2,2.3,2.9,3.15,2.4,2.8,3,2.3,2.8,3.1,2.25,2.88,3,2.4,2.88,3,2.3,2.9,2.9,2.25
I1,27-04-2003,Como,Modena,0,0,D,0,0,D,2.8,3,2.3,3,3.05,2.25,,,,2.75,3,2.375,3.1,3.1,2.1,2.8,3,2.25,2.8,3,2.3,1.75,1.85,P. Tagliavento,7,6,4,3,20,26,4,1,3,4,0,1,1.83,3,5,1.75,3.1,4.9,1.85,3,4.4,1.8,3.1,4.2,1.8,3.2,4,1.8,3.1,4.5,1.72,3.25,4.2,1.8
I1,27-04-2003,Empoli,Udinese,1,1,D,0,0,D,2.25,2.875,3,2.3,2.9,3.1,2.1,2.8,3.3,2.1,3,3.2,2.2,3,3.1,2.2,2.875,3.1,2.25,2.87,3,1.8,1.8,P. Dondarini,15,10,7,4,20,19,4,1,0,2,1,1,1.36,4.33,9,1.35,4.25,8.2,1.36,4,9,1.35,4,8,1.29,4.5,8,1.36,4.33,8.5,1.28,4.5,8,1.33
I1,27-04-2003,Inter,Lazio,1,1,D,1,0,H,1.909,3,3.75,1.95,3.1,3.75,2.1,2.7,3.5,1.833,3.2,3.75,1.91,3.2,3.6,2,3,3.5,1.9,2.87,4,1.7,1.9,P. Rodomonti,13,5,7,3,21,18,8,3,3,2,0,1,1.16,6.5,15,1.13,6.7,16,1.12,6.5,18,1.15,5.7,14,1.1,6.5,17,1.14,6.5,19,1.11,6.5,15,1.11
I1,27-04-2003,Juventus,Brescia,2,1,H,1,0,H,1.222,5,9,1.25,4.75,10,1.3,4,8.8,1.333,3.75,9,1.25,4.5,10,1.25,4.5,10,1.28,4.5,8,1.7,1.9,M. Trefoloni,10,6,2,3,12,24,7,3,2,5,0,0,2.6,2.87,2.87,2.55,2.85,2.8,2.6,2.8,2.8,2.7,2.8,2.7,2.75,2.75,2.5,2.7,2.88,2.75,2.6,2.8,2.6,2.75
I1,27-04-2003,Piacenza,Perugia,5,1,H,3,0,H,2.4,3,2.7,2.5,3,2.5,2.2,2.9,3,2.5,2.75,2.75,2.6,2.8,2.75,2.4,2.8,2.75,2.5,2.8,2.75,,,T. Pieri,12,9,3,4,16,26,8,3,3,3,0,1,4,2.8,2.1,3.7,3.05,2,3.4,3,2.1,3.6,3,2,3.4,3,2,3.6,3.1,2.1,3.6,3,1.95,3.6
I1,27-04-2003,Reggina,Parma,0,0,D,0,0,D,2.5,3.1,2.5,2.6,2.9,2.65,2.4,2.9,2.7,2.5,2.875,2.625,2.5,3,2.6,2.5,2.9,2.625,2.5,2.9,2.62,1.8,1.8,S. Racalbuto,12,14,5,6,12,16,5,8,1,3,0,1,2.6,2.87,2.87,2.45,2.8,3,2.4,2.85,3,2.5,2.9,2.8,2.38,2.88,2.8,2.5,2.88,2.88,2.4,2.8,2.87,2.2
I1,03-05-2003,Atalanta,Inter,1,1,D,0,1,A,2.7,3,2.375,2.55,3,2.45,2.5,3,2.5,2.625,2.875,2.5,2.63,3.1,2.4,2.625,3.1,2.4,2.75,3.1,2.3,1.8,1.85,P. Dondarini,17,4,8,0,8,13,6,3,1,0,0,0,1.2,5.5,17,1.17,5.75,15,1.17,5.5,16,1.2,5,12,1.14,5.5,15,1.17,6,17,1.14,5.5,15,1.11
I1,03-05-2003,Chievo,Piacenza,3,1,H,0,0,D,1.615,3.5,4.5,1.7,3.4,4.6,1.6,3.4,4.6,1.667,3.25,4.5,1.62,3.4,5,1.615,3.4,5,1.57,3.5,5,1.65,2,M. Trefoloni,4,11,2,4,26,18,10,5,2,0,0,0,4.1,3,2,4.35,3,1.87,4,3,1.95,3.7,2.9,2,4,3,1.83,4,3,2,4,2.87,1.9,4.33
I1,03-05-2003,Lazio,Juventus,0,0,D,0,0,D,2.2,3,3,2.05,3,3.4,1.9,2.9,3.7,2.1,2.8,3.4,2.1,2.9,3.4,2.1,2.9,3.4,2.1,2.87,3.3,1.85,1.8,P. Mazzoleni,8,11,4,5,21,26,6,5,2,2,0,0,2.3,2.87,3.4,2.3,2.75,3.35,2.3,2.8,3.25,2.2,2.8,3.3,2.1,2.8,3.5,2.3,2.9,3.1,2.2,2.87,3.1,2.1
I1,03-05-2003,Milan,Como,2,0,H,1,0,H,1.2,5,11,1.18,5.75,12,1.2,5,10,1.167,5.5,12,1.2,5,12,1.2,5,12,1.16,5.5,12,1.5,2.3,D. Messina,10,11,6,5,20,21,5,3,3,2,0,0,1.53,3.75,6.5,1.47,3.55,7.25,1.5,3.5,6.75,1.5,3.6,6,1.4,3.5,8,1.53,3.6,6.5,1.5,3.3,6.5,1.44
I1,03-05-2003,Modena,Empoli,1,1,D,1,0,H,2.5,1.727,6.5,2.75,1.65,6.5,,,,,,,,,,,,,2.4,1.72,6.5,,,L. Banti,11,6,5,3,18,17,2,7,2,2,0,0,3.1,3,2.4,3.15,3.05,2.2,3.1,2.9,2.3,2.9,2.9,2.4,3,2.88,2.25,3,2.88,2.38,3.1,2.8,2.25,3.5
I1,03-05-2003,Parma,Bologna,1,2,A,0,0,D,1.571,3.25,5.5,1.6,3.45,5.35,1.55,3.3,5.2,1.5,3.25,6.5,1.57,3.4,5.5,1.571,3.4,5.5,1.53,3.25,6,1.85,1.8,M. Saccani,10,5,4,3,20,15,10,1,1,4,0,0,1.72,3.2,5.5,1.7,3.1,5.35,1.7,3.1,5.25,1.75,3.2,4.3,1.67,3,5.5,1.7,3.1,5.25,1.66,3.1,5,1.7
I1,03-05-2003,Perugia,Brescia,0,0,D,0,0,D,2.375,2.1,4.333,2.55,1.88,5.3,,,,2.375,2.1,4.333,,,,,,,2.37,2,5,,,P. Bertini,20,9,9,5,11,11,13,8,1,4,0,0,2.2,2.9,3.6,2.2,2.8,3.5,2.2,2.8,3.5,2.2,2.8,3.3,2.2,2.75,3.25,2.25,2.8,3.3,2.15,2.8,3.3,2.15
I1,03-05-2003,Reggina,Roma,2,3,A,1,0,H,2.375,3,2.7,2.15,3.15,3.1,2,2.9,3.4,2.25,3,2.875,2.3,3.1,2.8,2.3,3.1,2.8,2.25,3,2.87,1.85,1.8,T. Pieri,9,11,3,5,23,21,2,10,2,2,0,0,2.6,3,2.8,2.6,2.85,2.75,2.6,2.9,2.7,2.6,2.8,2.8,2.38,3,2.75,2.6,2.88,2.88,2.37,2.8,2.9,2.5
I1,03-05-2003,Torino,Udinese,0,1,A,0,0,D,3.75,3.25,1.8,4.2,3.15,1.82,,,,,,,,,,,,,3.75,3.3,1.8,,,G. Paparesta,12,6,5,3,27,23,4,3,5,2,0,0,2.5,3,2.9,2.7,2.8,2.7,2.6,2.85,2.75,2.6,2.8,2.8,2.5,3,2.6,2.6,2.88,2.7,2.6,2.8,2.6,2.6
I1,10-05-2003,Bologna,Lazio,0,2,A,0,1,A,2.8,3,2.3,3,2.9,2.33,,,,2.75,2.75,2.5,2.88,3,2.3,2.875,3,2.3,3.1,2.87,2.2,1.8,1.8,R. Rosetti,11,9,3,3,32,23,3,7,3,1,0,1,1.8,3.2,4.75,1.8,3,4.75,1.8,3.1,4.5,1.8,3,4.4,1.83,3,4,1.85,3.1,4.2,1.9,2.87,4,1.83
I1,10-05-2003,Brescia,Milan,1,0,H,0,0,D,3,2.7,2.4,3.05,2.75,2.4,2.9,2.5,2.6,2.875,2.625,2.5,3,2.8,2.38,3,2.8,2.375,3.25,2.62,2.3,1.8,1.8,N. Rizzoli,15,6,6,2,16,10,4,8,2,1,0,0,1.44,4,7.5,1.45,3.65,7.4,1.42,3.75,8,1.45,3.6,7,1.33,3.75,9,1.4,4,8.5,1.4,3.6,7.5,1.4
I1,10-05-2003,Como,Chievo,2,4,A,0,3,A,4,3.4,1.727,4.2,3.65,1.69,,,,5,3.5,1.571,4.33,3.5,1.67,4.333,3.5,1.667,5,3.5,1.57,1.7,1.9,A. Dattilo,8,7,5,4,24,20,7,6,4,2,0,0,1.66,3.2,6,1.65,3.2,5.5,1.6,3.25,6,1.5,3.5,6.3,1.53,3.25,6,1.53,3.4,6.5,1.57,3.3,5.5,1.53
I1,10-05-2003,Empoli,Atalanta,0,0,D,0,0,D,2.2,2.2,4.5,,,,2.2,2,4.2,2.25,2.2,4.5,,,,,,,2.25,2,4.75,,,P. Bertini,12,18,8,8,20,18,4,10,3,1,0,1,4,3,2,4,3,1.95,3.8,3,2,3.5,2.8,2.1,4,3.2,1.8,4,3,2,4,3,1.83,3.8
I1,10-05-2003,Inter,Parma,1,1,D,1,0,H,1.8,3,4.2,1.95,2.95,4,2.1,2.7,3.5,1.909,3,3.75,1.91,3,4,1.909,3,3.75,1.83,3,4,1.75,1.85,A. De Marco,10,6,4,2,22,18,8,7,4,3,0,0,2.75,2.87,2.75,2.75,2.8,2.65,2.65,2.9,2.65,2.6,2.8,2.8,2.75,2.8,2.5,2.62,2.88,2.7,2.75,2.8,2.5,2.62
I1,10-05-2003,Juventus,Perugia,2,2,D,1,1,D,1.2,5,11,1.28,4.5,10,1.3,4,8.5,1.333,3.75,9,1.22,4.75,11,1.222,4.75,11,1.22,5,9.5,1.75,1.85,M. De Santis,8,6,3,2,24,15,3,3,1,3,0,1,2.3,2.75,3.6,2.2,2.9,3.6,2.3,2.85,3.3,2.3,2.8,3.1,2.1,3,3.2,2.2,3,3.4,2.1,2.87,3.3,2.15
I1,10-05-2003,Piacenza,Reggina,2,2,D,0,0,D,2,3.2,3.2,1.97,3.3,3.4,2.1,3.1,3,1.833,3.4,3.5,2,3.25,3.25,2,3.25,3.25,2.1,3,3.2,1.7,1.9,N. Stefanini,10,4,6,3,23,23,7,2,3,4,0,0,1.66,3.2,6,1.67,3.05,5.85,1.7,3,5.5,1.75,3,4.7,1.67,2.88,5.5,1.7,3.1,5.25,1.66,3.1,5,1.62
I1,10-05-2003,Roma,Torino,3,1,H,1,0,H,1.2,5,11,1.23,5,11,1.25,4.5,9,1.25,4.5,10,1.22,5,10,1.222,5,10,1.2,5.5,9,1.65,1.95,S. Racalbuto,15,6,7,3,20,24,8,3,5,3,0,0,1.9,3,4.5,1.83,3.05,4.5,1.8,3,4.75,1.8,3.1,4.2,1.8,3.2,4,1.83,3.1,4.33,1.8,2.9,4.5,1.83
I1,10-05-2003,Udinese,Modena,2,1,H,1,1,D,1.727,2.75,5.5,1.8,2.85,5.2,1.7,2.8,5.2,1.8,2.5,6,1.73,2.75,5.5,1.75,2.75,5.5,1.72,2.75,5.5,1.85,1.75,S. Farina,6,6,3,5,14,22,2,3,3,2,0,0,1.9,3,4.5,1.9,3,4.2,1.9,3,4.25,1.9,2.8,4.3,1.91,3.2,3.5,1.91,3.1,4,1.9,3,3.75,1.83
I1,17-05-2003,Atalanta,Como,2,1,H,0,1,A,1.17,5.5,11,1.15,6,12,,,,1.25,4.5,10,,,,,,,1.16,5.5,12,,,G. Paparesta,6,16,5,9,27,13,1,6,4,2,0,0,2.3,2.87,3.4,2.3,2.85,3.2,2.35,2.8,3.2,2.4,2.6,3.3,2.2,2.8,3.2,2.3,2.8,3.2,2.25,2.75,3.2,2.25
I1,17-05-2003,Chievo,Roma,0,0,D,0,0,D,2,3.2,3.2,1.95,3.3,3.5,,,,1.73,3.2,4.33,1.91,3.25,3.5,1.91,3.2,3.5,2,3.2,3.2,1.6,2.05,P. Dondarini,5,7,3,3,26,25,2,4,2,1,0,0,5,3,1.83,5.3,2.95,1.75,4.75,3,1.8,4.8,2.8,1.8,5,3.1,1.67,5,3.1,1.8,5,3,1.7,4.75
I1,17-05-2003,Lazio,Brescia,3,1,H,2,1,H,1.2,5,11,1.22,5.5,10,,,,1.25,4.5,10,1.25,4.5,10,1.25,4.5,10,1.22,5,9.5,1.65,1.95,A. Giannoccaro,8,7,3,4,27,21,0,5,3,3,0,1,3.25,3,2.3,2.95,3.05,2.3,2.95,2.9,2.4,3.3,3,2,2.88,3,2.25,3,3,2.4,2.8,3,2.3,3.2
I1,17-05-2003,Milan,Bologna,3,1,H,1,0,H,1.4,3.75,7,1.45,3.5,7,,,,1.33,3.75,9,1.36,4,7,1.36,4,7,1.36,4,7,1.65,1.95,L. Palanca,13,7,8,4,14,20,6,5,2,3,0,2,2,2.87,4.33,1.95,2.9,4.15,2,2.85,4,1.9,2.8,4.3,1.91,2.75,4.33,2,2.88,4,1.9,2.87,4,1.8
I1,17-05-2003,Modena,Inter,0,2,A,0,2,A,4.2,2,2.6,4.4,1.95,2.7,,,,4.5,2,2.5,,,,,,,4.5,1.83,2.7,,,M. Saccani,16,7,9,3,16,21,6,2,1,3,0,1,1.44,3.75,8.5,1.45,3.55,7.9,1.45,3.75,7.5,1.45,3.6,7,1.44,3.6,6.5,1.5,3.6,6.5,1.4,3.5,8,1.4
I1,17-05-2003,Parma,Piacenza,3,2,H,0,2,A,1.17,5,12,1.23,5,9.5,,,,1.22,5,10,,,,,,,1.16,5.5,12,1.65,1.95,T. Pieri,21,8,10,6,18,8,14,6,2,1,0,0,1.5,3.6,7.5,1.5,3.5,6.85,1.5,3.5,7,1.6,3.5,5,1.5,3.4,6.5,1.53,3.5,7,1.44,3.5,7,1.44
I1,17-05-2003,Perugia,Udinese,0,2,A,0,0,D,3,2.8,2.3,3.2,2.75,2.3,,,,2.88,2.63,2.5,3,2.75,2.38,3,2.8,2.3,3.1,2.8,2.25,1.9,1.7,N. Rizzoli,16,11,10,5,15,22,8,3,2,4,0,0,2.4,3,3,2.25,3.1,3,2.35,3,2.9,2.5,2.8,2.9,2.38,3,2.75,2.38,3,2.88,2.4,2.9,2.75,2.38
I1,17-05-2003,Reggina,Juventus,2,1,H,1,1,D,1.73,3.4,4,1.66,3.45,4.25,,,,1.8,3.4,3.6,1.8,3.4,3.75,1.75,3.4,3.75,1.66,3.4,4.33,1.8,1.8,S. Farina,8,10,3,5,24,19,6,3,4,2,1,0,2,3,4,1.83,3,4.6,1.9,2.9,4.3,1.85,2.9,4.4,1.8,3,4.33,1.91,3,4.2,1.8,3,4.2,1.83
I1,17-05-2003,Torino,Empoli,1,1,D,0,0,D,,,,4.75,2.55,1.95,,,,,,,,,,,,,,,,,,M. Bergonzi,17,7,7,6,14,29,11,4,1,3,0,1,1.5,3.6,7.5,1.45,3.65,7.5,1.45,3.75,7.5,1.45,3.6,7,1.36,3.75,8,1.5,3.75,7,1.36,3.75,8,1.5
I1,24-05-2003,Bologna,Reggina,0,2,A,0,1,A,4,3.4,1.727,4.35,3.35,1.67,,,,4.333,3.4,1.667,,,,,,,4.5,3.5,1.61,,,N. Ayroldi,15,14,7,7,18,19,7,2,4,3,0,0,2,3,4,2.05,2.9,3.75,2.05,2.9,3.75,2,2.8,3.8,1.91,3,3.75,2.1,2.88,3.6,1.9,3,3.75,1.91
I1,24-05-2003,Brescia,Modena,2,2,D,0,2,A,,,,,,,,,,,,,,,,,,,4.2,1.5,4.5,,,M. Trefoloni,6,6,4,4,14,11,4,3,1,0,0,0,5.5,3.4,1.66,5.5,3.2,1.65,5.25,3.2,1.67,4.3,3.2,1.75,4.5,3.25,1.67,5.2,3.25,1.67,4.5,3.2,1.7,4.33
I1,24-05-2003,Como,Torino,1,0,H,0,0,D,,,,2.22,2.35,4.2,,,,2.2,2.375,4,,,,,,,2.2,2.62,3.5,,,M. De Santis,12,13,4,6,17,29,6,4,2,5,0,0,2.87,2.3,3,3.55,2.15,2.85,3.25,2.25,2.7,3.4,2.1,2.7,,,,,,,3,2.37,2.7,3.2
I1,24-05-2003,Empoli,Parma,0,2,A,0,1,A,6,3.75,1.444,,,,,,,8,3.75,1.364,,,,6.5,3.75,1.4,7,3.75,1.4,,,A. Dattilo,9,4,4,3,16,22,5,7,1,2,0,0,2.37,2.75,3.4,2.4,2.7,3.2,2.38,2.75,3.25,2.4,2.7,3.1,2.2,2.62,3.5,2.3,2.8,3.25,2.3,2.62,3.2,2.25
I1,24-05-2003,Inter,Perugia,2,2,D,1,0,H,1.333,3.75,9,1.32,3.65,12,,,,1.286,3.75,13,,,,1.333,3.75,8.5,1.25,4,13,,,D. Messina,14,6,6,2,23,27,6,3,4,5,0,0,1.9,3,4.5,1.9,2.9,4.4,1.9,2.9,4.5,1.85,3,4.2,1.8,2.88,4.5,1.91,3,4.2,1.9,2.87,4,1.8
I1,24-05-2003,Juventus,Chievo,4,3,H,1,0,H,3,3,2.2,3.15,3,2.15,,,,2.75,3,2.375,,,,,,,3.25,2.5,2.37,,,E. Morganti,16,8,6,3,18,24,0,4,1,2,0,0,2.4,2.87,3.2,2.55,2.75,2.9,2.5,2.85,2.95,2.5,2.7,3,2.25,2.88,3,2.5,2.8,2.9,2.4,2.75,2.9,2.5
I1,24-05-2003,Piacenza,Milan,4,2,H,3,1,H,2.75,2.75,2.5,2.85,2.75,2.5,,,,2.75,2.75,2.5,,,,2.75,2.8,2.4,3,2.87,2.25,,,M. Trefoloni,5,9,3,4,19,20,2,6,1,3,1,0,1.72,3.1,5.5,1.65,3.25,5.4,1.75,3.1,5,1.7,3.2,4.7,1.67,3.1,5,1.75,3.2,5,1.8,3.1,4,1.62
I1,24-05-2003,Roma,Atalanta,1,2,A,1,1,D,3.2,3,2.1,3.75,3.15,1.88,,,,3.4,3,2,,,,,,,3.2,3.2,2,,,R. Rosetti,11,4,3,1,21,31,6,3,2,6,0,0,1.9,3,4.5,1.95,3.05,3.9,1.95,3,4,1.9,3,4,1.8,3,4.33,1.91,3.1,4.2,1.83,3,4,1.8
I1,24-05-2003,Udinese,Lazio,2,1,H,0,0,D,1.615,3.6,4.333,1.53,3.8,5,,,,1.5,3.6,5.5,,,,1.5,3.75,5,1.57,3.75,4.5,,,P. Bertini,6,12,4,7,16,23,7,4,1,3,0,0,2.3,2.87,3.4,2.3,2.9,3.15,2.33,2.85,3.2,2.4,2.7,3.1,2.2,2.8,3.2,2.3,2.88,3.2,2.2,2.8,3.2,2.15
,,,,,,,,,,,,,,,,,,,,,,,,,,,,,,,,,G. Paparesta,11,6,6,3,16,18,10,2,2,1,0,0,1.61,3.4,6,1.55,3.55,5.85,1.62,3.4,5.5,1.6,3.4,5.2,1.62,3.1,5.5,1.65,3.4,5.5,1.6,3,6,1.53
,,,,,,,,,,,,,,,,,,,,,,,,,,,,,,,,,M. De Santis,8,8,5,3,16,19,4,6,1,1,0,0,1.33,4.5,9.5,1.3,4.5,9.5,1.33,4.3,9,1.35,4,8,1.36,3.75,8,1.33,4.2,9,1.3,4.5,7.5,1.33
,,,,,,,,,,,,,,,,,,,,,,,,,,,,,,,,,P. Tagliavento,11,18,9,9,25,18,2,14,4,4,0,0,4.75,3.1,1.83,4.55,3.05,1.8,4.25,3,1.91,4,3,1.9,4,2.88,1.91,4.5,3,1.91,3.75,3,1.9,3.8
,,,,,,,,,,,,,,,,,,,,,,,,,,,,,,,,,O. Pantana,11,12,7,4,20,19,6,3,2,5,1,0,1.57,3.4,5.5,1.6,3.4,5.5,1.6,3.4,5.75,1.7,3.2,4.7,1.53,3.25,6,1.62,3.4,5.25,1.53,3.5,5.5,1.53
,,,,,,,,,,,,,,,,,,,,,,,,,,,,,,,,,P. Rodomonti,13,4,7,0,12,15,6,1,0,1,0,0,1.33,4.5,9.5,1.26,4.6,11.75,1.3,4.5,9,1.3,4.4,8.5,1.25,4.5,10,1.25,5,12,1.25,4.5,10,1.29
,,,,,,,,,,,,,,,,,,,,,,,,,,,,,,,,,P. Dondarini,12,8,6,5,17,18,6,3,2,1,0,0,6.5,3.6,1.53,5.9,3.8,1.5,6.5,3.5,1.53,5,3.5,1.6,6.5,3.6,1.44,6.5,3.8,1.5,6,3.75,1.44,7
,,,,,,,,,,,,,,,,,,,,,,,,,,,,,,,,,S. Racalbuto,5,15,1,6,26,17,3,14,3,4,0,0,7.5,4.33,1.4,8,4.3,1.35,8,4.25,1.36,8,4.2,1.33,9,3.75,1.33,9,4.33,1.36,8,4.33,1.3,9
,,,,,,,,,,,,,,,,,,,,,,,,,,,,,,,,,N. Rizzoli,6,6,4,4,20,26,5,1,1,2,1,0,2,2.87,4.33,2.05,2.7,4.2,2.05,2.7,4.2,2,2.8,3.9,1.91,2.75,4.33,2,2.88,4,1.9,2.7,4.33,1.83
,,,,,,,,,,,,,,,,,,,,,,,,,,,,,,,,,D. Messina,8,17,5,7,16,24,4,7,3,4,0,0,2.3,3,3.25,2.3,2.9,3.15,2.25,3,3.2,2.3,3,2.9,2.25,2.88,3,2.3,3,3.2,2.2,2.87,3.1,2.1
,,,,,,,,,,,,,,,,,,,,,,,,,,,,,,,,,N. Ayroldi,13,4,8,3,20,24,8,4,1,1,0,0,1.61,3.4,6,1.6,3.35,5.75,1.6,3.25,6,1.6,3.4,5.2,1.62,3,6,1.57,3.4,6,1.57,3.3,5.5,1.53
,,,,,,,,,,,,,,,,,,,,,,,,,,,,,,,,,F. Squillace,5,4,4,2,15,11,1,6,1,2,1,0,1.66,3.4,5.5,1.65,3.15,5.75,1.7,3.1,5.4,1.75,3.1,4.5,1.73,2.88,5,1.7,3.3,4.75,1.66,3.1,5,1.67
,,,,,,,,,,,,,,,,,,,,,,,,,,,,,,,,,R. Rosetti,11,5,4,2,8,18,5,7,0,3,0,0,2.3,2.25,4.33,2.3,2.2,4.75,2.6,2,4.5,2.4,1.9,4.5,2.25,2.2,4.5,2.38,2.25,4.2,2.37,2.1,4.33,2.5
,,,,,,,,,,,,,,,,,,,,,,,,,,,,,,,,,M. Saccani,7,5,5,3,25,15,5,1,3,3,0,0,2.1,2.8,4,2,2.85,3.95,2,2.9,4.1,1.85,2.8,4.6,1.91,2.88,4,1.95,2.88,4.2,1.9,2.75,4.2,1.83
,,,,,,,,,,,,,,,,,,,,,,,,,,,,,,,,,S. Farina,11,2,4,1,15,26,4,4,4,2,0,0,1.83,3.1,4.75,1.75,3.15,4.65,1.8,3.25,4.15,1.85,3,4.2,1.83,3,4,1.8,3.25,4.2,1.8,3.1,4,1.83
,,,,,,,,,,,,,,,,,,,,,,,,,,,,,,,,,S. Farina,8,14,3,8,18,18,1,3,3,1,0,1,4.75,3.2,1.8,5.35,3.1,1.7,5,3.2,1.7,4.2,3.1,1.8,4.5,2.88,1.8,5.5,3.25,1.7,4.33,3.2,1.72,4.5
,,,,,,,,,,,,,,,,,,,,,,,,,,,,,,,,,M. De Santis,12,6,6,4,16,18,3,1,1,0,0,1,2.62,2.62,3.2,2.6,2.65,2.95,2.65,2.55,3,2.6,2.7,2.9,2.4,2.5,3.25,2.62,2.5,3.1,2.6,2.4,3.1,2.62
,,,,,,,,,,,,,,,,,,,,,,,,,,,,,,,,,E. Morganti,11,7,5,3,15,12,2,7,1,2,0,0,2.25,2.8,3.6,2.2,2.75,3.55,2.25,2.7,3.5,2.2,2.7,3.5,2.2,2.62,3.5,2.25,2.62,3.6,2.25,2.62,3.3,2.2
,,,,,,,,,,,,,,,,,,,,,,,,,,,,,,,,,G. Paparesta,5,12,4,4,22,22,2,5,0,1,0,0,2.4,2.7,3.4,2.4,2.55,3.45,2.25,2.6,3.6,2.2,2.6,3.6,2.25,2.5,3.6,2.38,2.5,3.6,2.37,2.5,3.3,2.25
,,,,,,,,,,,,,,,,,,,,,,,,,,,,,,,,,T. Pieri,15,11,4,5,17,20,10,0,3,3,0,0,1.72,3.3,5,1.75,3.25,4.45,1.7,3.2,5,1.75,3.2,4.3,1.67,3.2,5,1.7,3.3,5.2,1.66,3.1,5,1.73
,,,,,,,,,,,,,,,,,,,,,,,,,,,,,,,,,M. Trefoloni,12,2,7,2,18,13,6,2,5,3,0,0,1.25,4.75,9,1.28,4.5,10,1.25,4.5,10,1.27,4.4,10,1.25,4.5,10,1.25,4.75,11,1.2,5,11,1.25
,,,,,,,,,,,,,,,,,,,,,,,,,,,,,,,,,P. Bertini,18,9,9,4,12,14,9,3,0,2,0,0,1.33,4.5,9.5,1.35,4.15,8.5,1.33,4.3,8.5,1.37,3.8,8,1.3,4,9,1.33,4.5,9,1.28,4.33,8.5,1.36
,,,,,,,,,,,,,,,,,,,,,,,,,,,,,,,,,G. Rocchi,12,14,5,4,22,15,1,7,0,0,1,1,,,,3.25,1.55,6.5,3.25,1.55,6,3,1.5,6,,,,,,,3.4,1.5,6,3.5
,,,,,,,,,,,,,,,,,,,,,,,,,,,,,,,,,M. Saccani,6,12,5,2,24,18,8,4,3,1,0,0,1.33,4.5,9.5,1.3,4.6,8.85,1.33,4.3,8.5,1.35,4.2,7.5,1.29,4.33,9,1.33,4.33,8.5,1.25,5,8,1.29
,,,,,,,,,,,,,,,,,,,,,,,,,,,,,,,,,N. Rizzoli,16,12,9,10,22,19,5,4,1,3,0,0,2.8,2.2,3.2,2.9,2.1,3.5,2.85,2.25,3,2.8,2.2,3.1,,,,2.9,2.15,3.4,2.87,2.25,3,2.88
,,,,,,,,,,,,,,,,,,,,,,,,,,,,,,,,,M. De Santis,8,11,4,5,24,18,3,4,4,4,0,0,2.4,3,3.1,2.35,2.9,3.05,2.4,2.9,3.1,2.5,2.9,2.9,2.25,2.88,3,2.4,3,3,2.25,2.87,3,2.4
,,,,,,,,,,,,,,,,,,,,,,,,,,,,,,,,,N. Ayroldi,2,16,1,5,31,30,1,9,4,2,2,0,4.33,2.87,2,4.15,2.8,2,4.3,2.8,1.95,3.9,2.8,2,4.5,2.88,1.8,4.4,2.8,2,3.8,2.87,1.95,3.75
,,,,,,,,,,,,,,,,,,,,,,,,,,,,,,,,,G. Paparesta,9,10,3,2,19,25,3,8,3,4,1,0,1.9,3.25,4,1.9,3.25,3.7,1.87,3.15,4,1.9,3.2,3.6,1.8,3.2,4,1.85,3.25,4,1.8,3.25,3.8,1.8
,,,,,,,,,,,,,,,,,,,,,,,,,,,,,,,,,S. Racalbuto,10,14,4,9,15,19,4,5,2,2,0,0,,,,2.45,1.85,5.75,2.6,1.85,5.6,2.3,1.75,5.5,2.38,1.8,7,,,,2.75,1.66,6,2.5
,,,,,,,,,,,,,,,,,,,,,,,,,,,,,,,,,M. Trefoloni,4,5,4,3,23,24,2,2,2,3,0,1,1.57,3.5,6.5,1.5,3.45,7,1.53,3.4,6.5,1.55,3.4,5.8,1.5,3.25,6.5,1.53,3.4,7.5,1.53,3.25,6,1.5
,,,,,,,,,,,,,,,,,,,,,,,,,,,,,,,,,P. Tagliavento,15,10,6,4,19,18,4,6,1,4,0,0,3.2,3.1,2.25,2.95,3.2,2.25,3,3.1,2.25,2.7,3.1,2.4,2.5,3.25,2.4,3,3.1,2.25,3,2.87,2.25,3
,,,,,,,,,,,,,,,,,,,,,,,,,,,,,,,,,R. Rosetti,15,10,7,6,21,19,4,1,3,3,0,0,3.1,3.1,2.3,3,3,2.3,3,3,2.3,2.9,3,2.3,2.88,3,2.25,3.3,3,2.25,3,3,2.2,
,,,,,,,,,,,,,,,,,,,,,,,,,,,,,,,,,C. Brighi,5,7,4,0,19,14,7,9,3,1,1,0,1.9,2.8,5,1.83,2.85,5,1.85,2.7,5.25,1.85,2.5,5.2,1.8,2.75,5,1.83,2.7,5.5,1.8,2.5,6,1.83
,,,,,,,,,,,,,,,,,,,,,,,,,,,,,,,,,O. Girardi,10,12,3,5,18,22,3,2,0,1,0,0,1.9,2.5,5.5,2,2.4,5,2,2.4,5.4,2.1,2.3,4.7,2.1,2.5,4,2,2.4,5.5,2,2.25,5.5,1.91
,,,,,,,,,,,,,,,,,,,,,,,,,,,,,,,,,P. Rodomonti,5,8,1,5,16,16,6,5,1,2,0,0,10,5,1.28,10,4.6,1.27,10,4.75,1.27,8.5,4.4,1.3,11,5,1.2,10,5,1.25,11,5,1.2,10
,,,,,,,,,,,,,,,,,,,,,,,,,,,,,,,,,M. De Santis,23,5,7,3,18,14,8,2,4,2,1,2,2.5,2.1,4,2.75,2,4.15,2.65,2,3.9,2.6,2,4,,,,2.6,2.1,4.2,2.6,2,4.2,2.5
,,,,,,,,,,,,,,,,,,,,,,,,,,,,,,,,,S. Farina,19,7,11,5,24,23,7,4,1,3,0,0,1.25,5,8,1.25,5,10,1.25,4.75,10,1.3,4.4,8.5,1.29,4.33,9,1.25,5,10,1.22,5,9.5,1.25
,,,,,,,,,,,,,,,,,,,,,,,,,,,,,,,,,N. Rizzoli,16,4,13,2,16,13,5,1,0,0,0,0,1.25,5,8,1.25,5,10,1.25,4.75,10,1.3,4.4,8.5,1.25,4.5,10,1.25,5,12,1.22,5,9.5,1.25
,,,,,,,,,,,,,,,,,,,,,,,,,,,,,,,,,G. Paparesta,24,4,9,3,20,13,15,3,2,3,0,1,1.61,3.4,5,1.55,3.25,6.75,1.6,3.3,5.75,1.6,3.4,5.2,1.53,3.25,6,1.62,3.4,6,1.53,3.3,6,1.53
,,,,,,,,,,,,,,,,,,,,,,,,,,,,,,,,,G. Lops,17,18,8,11,18,22,8,4,0,2,1,0,1.61,3.4,5,1.67,3.4,4.85,1.7,3.3,4.5,1.8,3,4.4,,,,1.67,3.2,5.25,1.61,3.4,4.8,1.67
,,,,,,,,,,,,,,,,,,,,,,,,,,,,,,,,,P. Bertini,13,13,8,6,23,13,3,4,3,2,0,0,3,3,2.25,2.8,3.1,2.4,2.85,3,2.35,2.8,2.9,2.5,,,,2.88,2.95,2.4,2.8,2.87,2.37,3
,,,,,,,,,,,,,,,,,,,,,,,,,,,,,,,,,T. Pieri,6,11,3,6,23,14,3,5,5,4,3,1,3.5,3.25,1.9,4.1,3.2,1.85,4,3.25,1.83,3.6,3.2,1.9,4.33,3,1.8,3.6,3.2,1.95,4,3,1.83,3.75
,,,,,,,,,,,,,,,,,,,,,,,,,,,,,,,,,M. Bergonzi,8,7,3,1,16,20,4,3,1,1,0,0,2.4,2.1,4.33,2.25,2.25,4.25,2.35,2.2,4,2.3,2.3,3.8,,,,2.5,2.2,4,2.5,2.1,4,2.2
,,,,,,,,,,,,,,,,,,,,,,,,,,,,,,,,,E. Morganti,11,5,4,3,15,20,3,5,2,6,1,0,1.33,4.5,6.5,1.35,4,9,1.35,4,8,1.4,3.7,7.5,1.33,3.75,9,1.4,4,7.5,1.3,4.33,8,1.36
,,,,,,,,,,,,,,,,,,,,,,,,,,,,,,,,,D. Messina,12,5,7,1,21,16,4,1,2,1,0,0,2.4,2,4.75,2.55,2.1,4.3,2.5,2,4.1,2.5,2,4.3,,,,2.5,2.1,4.5,2.5,2.05,4.2,2.38
,,,,,,,,,,,,,,,,,,,,,,,,,,,,,,,,,R. Rosetti,10,8,5,3,6,21,1,5,0,1,0,0,1.44,4,7.5,1.48,3.65,6.8,1.4,3.75,7.5,1.4,3.7,7.5,1.36,3.75,8,1.4,3.8,8,1.33,4,8,1.4
,,,,,,,,,,,,,,,,,,,,,,,,,,,,,,,,,T. Pieri,8,15,7,10,25,17,3,9,1,3,0,0,3.25,3.2,2.2,3.15,3.15,2.15,3.1,3.1,2.15,3.2,3.1,2.1,2.87,3,2.25,3.1,3.1,2.2,3,2.87,2.25,2.75
,,,,,,,,,,,,,,,,,,,,,,,,,,,,,,,,,P. Bertini,8,12,1,3,16,17,2,7,1,1,0,0,5,3.3,1.72,5,3.05,1.75,4.5,3.05,1.8,4,3,1.9,4,3.2,1.8,5,3,1.75,4.5,3.1,1.72,4.33
,,,,,,,,,,,,,,,,,,,,,,,,,,,,,,,,,G. Gava,8,3,2,2,15,22,7,3,0,4,0,1,1.2,5.5,17,1.18,5.7,13.5,1.2,5.5,11,1.25,4.6,10.5,1.16,5.5,12,1.2,5.5,12,1.14,5.5,15,1.14
,,,,,,,,,,,,,,,,,,,,,,,,,,,,,,,,,S. Racalbuto,17,4,9,2,15,24,6,2,0,0,0,0,1.2,5.5,17,1.22,5.5,10.5,1.2,5.5,11,1.2,5,12,1.14,5.5,15,1.2,5.5,15,1.2,5,11,1.18
,,,,,,,,,,,,,,,,,,,,,,,,,,,,,,,,,M. Trefoloni,7,10,4,2,23,20,2,7,2,4,0,0,3.75,3.2,2,3.75,3,2,3.65,3,2,3.8,2.8,2,3.4,3,2,3.75,3,2,3.3,2.87,2.1,3.75
,,,,,,,,,,,,,,,,,,,,,,,,,,,,,,,,,D. Messina,12,9,8,5,12,23,2,3,3,3,0,1,1.9,3.25,4,2,3.3,3.35,1.95,3.2,3.5,2,3.1,3.4,1.9,3.2,3.5,2,3.1,3.6,1.95,3,3.6,1.91
,,,,,,,,,,,,,,,,,,,,,,,,,,,,,,,,,L. Palanca,9,9,6,3,8,9,4,3,0,0,0,0,3.1,1.66,5,3,1.65,5.9,3.1,1.65,5.25,3.2,1.5,5,,,,,,,3.2,1.66,4.8,3
,,,,,,,,,,,,,,,,,,,,,,,,,,,,,,,,,D. Tombolini,12,6,5,5,12,14,4,5,1,0,0,0,9,4,1.4,8.65,4,1.36,8.5,3.75,1.38,7.5,3.7,1.4,7,3.75,1.4,9.5,3.8,1.4,7.5,3.6,1.4,7
,,,,,,,,,,,,,,,,,,,,,,,,,,,,,,,,,A. Dattilo,7,14,4,9,18,20,2,8,0,1,0,0,3.75,2.2,2.5,4,2.1,2.65,4,2.1,2.6,3.8,1.85,2.7,,,,4,2.15,2.6,4.2,2.15,2.37,4.33
,,,,,,,,,,,,,,,,,,,,,,,,,,,,,,,,,L. Marelli,9,8,5,6,26,16,2,3,3,1,0,0,2.87,2.5,3,3.15,2.37,2.8,3,2.45,2.8,2.9,2.4,2.9,,,,3,2.5,2.75,2.9,2.5,2.62,3.2
,,,,,,,,,,,,,,,,,,,,,,,,,,,,,,,,,T. Pieri,16,9,9,5,8,18,4,2,1,2,0,0,1.12,7,21,1.1,7.55,17.5,1.1,7,19,1.1,6.5,17,,,,1.1,7,21,1.07,7,19,1.05
,,,,,,,,,,,,,,,,,,,,,,,,,,,,,,,,,A. De Marco,11,9,7,5,9,11,2,3,1,2,1,0,1.4,4,9,1.36,4,9,1.35,4,9,1.35,4,8,1.29,4,10,1.36,3.8,9.5,1.36,3.4,10,1.36
,,,,,,,,,,,,,,,,,,,,,,,,,,,,,,,,,M. De Santis,10,6,6,4,30,4,5,3,3,1,0,0,1.14,6.5,21,1.15,6.5,13.5,1.16,6,14,1.15,5.7,14,1.14,6,12,1.17,6.5,15,1.14,5.5,15,1.1
,,,,,,,,,,,,,,,,,,,,,,,,,,,,,,,,,O. Pantana,17,11,4,5,20,14,8,7,2,0,1,0,5.5,3.1,1.72,5,3.05,1.75,5.25,3.1,1.7,4.4,3,1.8,6,2.8,1.67,6,3.1,1.65,6,2.8,1.66,5.75
,,,,,,,,,,,,,,,,,,,,,,,,,,,,,,,,,N. Stefanini,8,3,3,1,16,23,4,4,1,0,0,0,2.4,2.4,4,2.35,2.3,4.2,2.2,2.5,4,2.2,2.4,3.8,,,,2.3,2.4,4,2.25,2.25,4.2,2
,,,,,,,,,,,,,,,,,,,,,,,,,,,,,,,,,D. Preschern,12,4,4,3,10,5,4,4,4,0,1,0,2.37,2.75,3.4,2.35,2.65,3.4,2.25,2.75,3.4,2.3,2.6,3.3,,,,2.3,2.75,3.3,2.37,2.5,3.3,2.2
,,,,,,,,,,,,,,,,,,,,,,,,,,,,,,,,,G. Paparesta,9,8,7,6,19,20,5,6,2,2,0,0,9,5,1.3,10,4.1,1.33,9,4.5,1.3,8.5,4.4,1.3,8,4,1.33,10,4.75,1.3,8.5,4.2,1.3,11
,,,,,,,,,,,,,,,,,,,,,,,,,,,,,,,,,R. Rosetti,15,9,5,3,19,17,8,4,0,3,0,0,1.1,8,26,1.11,7.5,16,1.1,7,19,1.1,6.5,17,1.1,6.5,17,1.11,7,17,1.1,6.5,15,1.1
,,,,,,,,,,,,,,,,,,,,,,,,,,,,,,,,,L. Banti,13,13,8,5,13,17,4,6,0,2,0,0,1.72,3,6,1.75,2.75,6.25,1.77,2.8,5.5,1.85,2.6,5,1.8,2.75,5,1.75,2.75,6,1.72,2.75,5.5,1.67
,,,,,,,,,,,,,,,,,,,,,,,,,,,,,,,,,M. Mazzoleni,8,12,2,3,12,14,2,3,0,3,0,0,2.62,2.87,2.6,3.05,2.65,2.55,2.85,2.7,2.55,2.7,2.6,2.7,2.75,2.75,2.5,3,2.7,2.5,3,2.7,2.37,2.75
,,,,,,,,,,,,,,,,,,,,,,,,,,,,,,,,,M. Bergonzi,8,13,3,6,20,16,6,2,0,0,0,0,8.5,3.25,1.44,7.2,3.4,1.5,8,3.25,1.5,6,3.2,1.5,8,3,1.5,8.5,3.4,1.44,9,3.1,1.44,7
,,,,,,,,,,,,,,,,,,,,,,,,,,,,,,,,,R. Herberg,11,8,6,4,21,17,5,2,1,1,1,0,1.8,2.7,5,1.8,2.55,6.75,1.75,2.65,6,1.75,2.6,5,1.66,2.62,7,1.75,2.62,6.5,1.8,2.6,5.5,1.73
,,,,,,,,,,,,,,,,,,,,,,,,,,,,,,,,,A. Giannoccaro,8,8,4,2,15,20,4,5,0,0,0,0,1.8,2.7,5,1.9,2.65,5.15,1.87,2.65,5,1.8,2.6,4.8,1.8,2.75,5,1.85,2.75,5,1.83,2.62,5,1.73
,,,,,,,,,,,,,,,,,,,,,,,,,,,,,,,,,A. De Marco,12,8,5,4,16,19,6,5,1,2,0,1,1.61,3.6,4.5,1.7,3.8,4.05,1.65,3.5,4.5,1.7,3.4,3.8,1.61,3.5,4.5,1.67,3.75,4.2,1.57,3.6,4.8,1.57
,,,,,,,,,,,,,,,,,,,,,,,,,,,,,,,,,O. Pantana,9,9,3,3,15,17,3,4,0,0,0,0,1.36,3.8,8,1.37,3.9,9,1.35,3.75,9.5,1.45,3.5,6,1.36,3.75,8,1.33,4,10,1.4,3.5,8,1.33
,,,,,,,,,,,,,,,,,,,,,,,,,,,,,,,,,L. Banti,4,14,1,6,15,16,1,10,3,2,0,0,15,5,1.18,15,4.3,1.25,17,4.25,1.23,,,,15,4.5,1.2,19,4.33,1.22,21,3.6,1.25,29
,,,,,,,,,,,,,,,,,,,,,,,,,,,,,,,,,F. Squillace,16,15,6,8,27,13,7,5,2,0,0,0,1.57,2.87,7,1.6,2.8,8.75,1.6,2.75,8,1.65,2.7,5.6,1.61,2.62,8,1.57,2.88,8.5,1.66,2.62,7,1.5
,,,,,,,,,,,,,,,,,,,,,,,,,,,,,,,,,O. Girardi,10,8,5,1,18,17,2,5,0,0,0,0,2.3,2.25,4.2,2.35,2.25,4.4,2.35,2.25,4.15,2.3,2.4,3.3,,,,,,,2.25,2.3,4,2.3
,,,,,,,,,,,,,,,,,,,,,,,,,,,,,,,,,M. Ciampi,15,6,10,2,12,16,8,1,3,1,0,1,3.8,2.3,2.4,4.05,2.25,2.45,4.25,2.25,2.3,3.3,2.3,2.4,,,,,,,3.5,2.37,2.37,4
